gap,seed_num
0.0008376859752843302,1
4.160938260611147e-11,2
2.21059754039743e-05,3
5.179390427656472e-08,4
7.059189556457568e-06,5
5.9546323427639436e-08,6
6.066814125915698e-05,7
0.00022108395717168605,8
5.96958545884263e-05,9
7.907030976639362e-07,10
2.568031686678296e-05,11
8.887627700460143e-08,12
3.2166162895919115e-05,13
1.1912621857845807e-06,14
1.6007106751203537e-10,15
2.816933601934579e-06,16
1.09253051050473e-10,17
1.9140370341119706e-05,18
7.844391802791506e-12,19
1.2540835996333044e-06,20
5.857870485215244e-05,21
4.416662591211207e-06,22
1.468833943363279e-10,23
2.0463630789890885e-12,24
2.5979497195294243e-05,25
0.003985133501714699,26
2.7910118660656735e-10,27
1.4638965240010293e-07,28
7.466561896762869e-06,29
6.821210263296962e-13,30
2.5011104298755527e-12,31
9.087074431590736e-06,32
8.45949443828431e-08,33
1.7255102989111037e-05,34
5.7470288084005006e-08,35
1.767149524312117e-05,36
1.8555200540504302e-06,37
8.087347850960214e-05,38
1.6826386399770854e-06,39
4.579476353683276e-08,40
7.45058400752896e-07,41
1.2164491636212915e-11,42
1.1006022759829648e-09,43
3.935181212000316e-07,44
1.5441514733538497e-07,45
1.2144028005423024e-09,46
2.0468291268116445e-05,47
8.119985454868583e-05,48
9.208633855450898e-12,49
3.891227606800385e-07,50
2.161911993425747e-06,51
1.5299465303542092e-06,52
2.499300217095879e-05,53
1.3898616771257366e-05,54
3.571142315195175e-07,55
0.00029935856537122163,56
1.0606981959426776e-10,57
6.237871730263578e-08,58
1.4670149539597332e-09,59
8.603137757745571e-09,60
8.405213065998396e-06,61
1.5821899523871252e-07,62
1.226680979016237e-09,63
0.002360985630957657,64
8.510733096045442e-08,65
3.825554927061603e-06,66
0.0006522821788621513,67
1.5283891912076797e-05,68
7.31513534901751e-06,69
3.296918293926865e-12,70
1.591580371496093e-05,71
0.0009503404949100513,72
3.227954425710777e-05,73
1.7848833522293717e-11,74
3.551576810423285e-10,75
3.352126896061236e-07,76
1.3289599110066774e-06,77
3.970303623646032e-07,78
3.478021426417399e-09,79
2.2964741219766438e-10,80
0.0028564632417555913,81
8.021868325158721e-07,82
0.0002582321784529995,83
2.315118763362989e-09,84
3.3711010019032983e-06,85
4.5306200036066e-06,86
4.5840806706110016e-09,87
2.1681652242477867e-06,88
7.501501215756434e-05,89
5.727153723000811e-05,90
2.9533526799241372e-05,91
2.8204112823004834e-07,92
8.819422419037437e-07,93
6.290468559200235e-05,94
2.877866677408747e-06,95
6.712966853683611e-05,96
1.0321059562556911e-08,97
1.2248062830622075e-07,98
1.1368683772161603e-12,99
6.160951215861132e-08,100
1.2146415429015178e-07,101
2.4487875407430693e-06,102
2.999244088641717e-07,103
4.0277814150613267e-07,104
0.0005117552010460713,105
6.139089236967266e-12,106
4.990144020666776e-06,107
0.0011447019040815576,108
0.00010976519456562528,109
0.0003037170026800595,110
1.1880875945280422e-06,111
7.727847446403757e-06,112
2.2636277208221145e-07,113
7.557173319128196e-05,114
0.00021770587841274391,115
1.0497669791220687e-06,116
1.9775483224293566e-06,117
1.2364233725747908e-06,118
4.888534022029489e-12,119
7.02584657119587e-11,120
9.47466105571948e-10,121
0.0006337988040741038,122
3.6847604633294395e-05,123
2.9314638027244655e-05,124
5.37035020897747e-08,125
1.3073986337985843e-11,126
3.94532128211722e-06,127
4.7066350816749036e-11,128
5.626245354051207e-05,129
1.5182666061264172e-05,130
1.1153522336826427e-06,131
1.4270767678681295e-06,132
1.5132100656956027e-05,133
9.365818641526857e-06,134
1.9610930621638545e-06,135
1.112914048917446e-05,136
4.63676155959547e-06,137
1.6678257452440448e-05,138
4.298947783354379e-05,139
6.912159733474255e-11,140
2.1899315470363945e-05,141
2.3114102191357233e-05,142
2.1600499167107046e-12,143
3.9006556562526384e-07,144
2.345960865568486e-07,145
6.480149750132114e-11,146
5.205901061344775e-07,147
0.00034100648849744175,148
5.6069111906253966e-05,149
4.160938260611147e-11,150
1.7721504264045507e-09,151
0.00013901419993089803,152
4.0245140553452075e-11,153
1.4936940942789079e-05,154
1.6932286825976917e-06,155
5.473680175782647e-08,156
4.475573018680734e-05,157
6.273239705478773e-10,158
6.449883755976771e-05,159
6.545386668221909e-07,160
1.8815171642927453e-10,161
1.2505552149377763e-10,162
7.676969971726066e-06,163
4.0472514228895307e-11,164
3.2902323710004566e-07,165
2.079736646010133e-06,166
5.441517271265184e-05,167
0.00030601567743815394,168
7.136748081393307e-08,169
3.204504878340231e-06,170
4.310686563258059e-08,171
3.0947830964578316e-09,172
0.00033572903851109004,173
5.199299266678281e-07,174
3.8055464983699494e-06,175
2.5977442419389263e-10,176
1.708272066025529e-06,177
9.675602541392436e-08,178
1.731047518660489e-06,179
4.855862357544538e-06,180
1.4438228390645236e-11,181
1.0888209089898737e-06,182
8.66652726472239e-07,183
2.334438477191725e-06,184
5.836682248627767e-10,185
6.889422365929931e-11,186
0.000684045998923466,187
1.332811109477916e-05,188
9.068946837942349e-08,189
5.707534000976011e-09,190
2.432898327242583e-11,191
1.830358087318018e-11,192
6.0254023992456496e-12,193
7.373024880052981e-05,194
5.221670448918303e-06,195
5.002220859751105e-11,196
4.001776687800884e-11,197
1.910174205477233e-07,198
8.640540727355983e-09,199
1.6561922961955133e-05,200
2.529687208152609e-06,201
4.786321596839116e-07,202
5.38386757398257e-09,203
0.0039760166204132474,204
8.668010059409426e-05,205
9.748129286890617e-06,206
3.4716094887699e-08,207
0.000139076743039368,208
5.8939804148394614e-09,209
3.0802601713730837e-06,210
2.536964984756196e-07,211
0.0008870394035511708,212
0.0002867511138902046,213
1.2192076610517688e-06,214
1.2108444025216158e-08,215
2.3146299440668372e-05,216
7.379185262834653e-09,217
1.9326762412674725e-12,218
3.0841533771308605e-08,219
1.3762928574578837e-09,220
0.0006334508850613929,221
4.084549686922401e-06,222
2.2600720512855332e-06,223
1.8016055491898442e-07,224
3.637978807091713e-12,225
4.866933522862382e-10,226
3.9922122141433647e-07,227
1.56853022872383e-05,228
2.5972357320824813e-05,229
3.0683963814226445e-08,230
6.408545232261531e-07,231
3.0124738259473816e-09,232
1.377268745272886e-06,233
1.5319380963774165e-06,234
2.9761758582935727e-05,235
4.902426553599071e-08,236
5.227747317348985e-05,237
0.0003796831659883537,238
9.413270163349807e-11,239
1.189391696243547e-09,240
3.171862772433087e-11,241
7.362222095252946e-05,242
4.3601091874734266e-06,243
1.2778400559909642e-09,244
1.912276411530911e-05,245
1.9706476450664923e-09,246
0.0017074242781518478,247
0.00016387809307616408,248
9.20522325031925e-10,249
1.6817431742310873e-05,250
1.427110873919446e-09,251
2.697464287848561e-05,252
7.0023871785451774e-06,253
5.8884511076939816e-05,254
1.8974333215737715e-10,255
7.157191055284784e-05,256
0.001105601569861392,257
0.000394574551023652,258
1.0227905704596196e-06,259
9.877654179035744e-06,260
3.756326805159915e-09,261
8.29913915367797e-12,262
2.2585371652894537e-06,263
4.774847184307873e-12,264
1.7306547306361608e-09,265
1.7962520360015333e-11,266
1.0412429674033774e-07,267
9.107170592415059e-05,268
6.480149750132114e-10,269
2.8421709430404007e-12,270
2.5192159682774218e-05,271
7.310063665499911e-11,272
8.520565415892634e-06,273
1.2286368473723996e-06,274
2.7632568958324555e-05,275
7.20264074516308e-06,276
5.215952114667743e-10,277
0.0002754986645641111,278
9.094947017729282e-13,279
1.7447749428356474e-05,280
0.00026728425655164756,281
5.147626325197052e-09,282
8.322729172505205e-07,283
1.3415046851150692e-11,284
1.2451550901459996e-07,285
3.452637429290917e-07,286
4.3047816689067986e-07,287
4.211383611618658e-06,288
1.5628825167368632e-07,289
2.1418766550596047e-05,290
4.614548743120395e-09,291
8.577681228416623e-06,292
2.9558577807620168e-12,293
7.726456487944233e-07,294
6.293889782682527e-07,295
2.7114977456221823e-05,296
2.3226220946526155e-10,297
0.0005763726164786931,298
3.6788196666748263e-07,299
2.177292003580078e-06,300
2.5011104298755527e-12,301
2.557309301209898e-05,302
2.751221472863108e-11,303
2.955113393454667e-05,304
6.0254023992456496e-12,305
9.225665189660504e-05,306
0.003474481057992307,307
3.698708042065846e-07,308
1.4878131651130388e-06,309
3.722101678249601e-05,310
1.5389484815386822e-06,311
0.005906387691084092,312
7.617018127348274e-12,313
6.207301339600235e-11,314
0.011429823486082569,315
3.590503183659166e-08,316
3.838616066786926e-06,317
6.855271465155965e-05,318
4.7483999310315994e-05,319
0.00018286764100139408,320
7.670397894798953e-05,321
7.155359298849362e-05,322
1.1359588825143874e-09,323
0.00016058267488006095,324
3.2589696274953894e-08,325
0.0001508243695980127,326
0.00011065839714774484,327
0.00016393765031352814,328
2.1259438653942198e-11,329
1.212260849570157e-05,330
1.4218602814253245e-05,331
5.108684376864403e-06,332
0.0035245347063437293,333
1.8704447825257375e-05,334
0.00012977917572243314,335
6.294114371030446e-05,336
3.161630957038142e-10,337
3.943182491639163e-06,338
4.1034365949599305e-07,339
3.214250648397865e-05,340
3.857667707052315e-06,341
0.0005431889909459642,342
2.406497742413194e-06,343
2.336514626222197e-07,344
1.5227325661726354e-05,345
1.0778380783449393e-06,346
6.188994461808761e-06,347
4.3819409256684594e-07,348
1.55626969444711e-05,349
2.430198946967721e-06,350
8.807777987840382e-05,351
3.1889157980913296e-09,352
0.00010465795367053943,353
2.637534635141492e-11,354
3.809183226621826e-07,355
2.083286290144315e-07,356
8.808363190837554e-06,357
2.2930596060177777e-05,358
2.2737367544323206e-12,359
2.6147972675971687e-12,360
1.3797030078421813e-06,361
6.406329248420661e-06,362
1.4225634004105814e-09,363
8.056986189330928e-10,364
3.637978807091713e-12,365
5.121381138906145e-05,366
2.7859920805894944e-05,367
1.0510746051295428e-06,368
8.339816304214764e-07,369
4.043785679641587e-06,370
2.5303529582743067e-07,371
1.8705270576901967e-07,372
5.644006557758985e-05,373
3.751665644813329e-12,374
2.7989699447061867e-10,375
1.0572875908110291e-10,376
8.411972908106691e-05,377
0.00022252998689964443,378
1.352715332814114e-05,379
3.172476681356784e-08,380
4.25809503212804e-07,381
7.117705536074936e-09,382
1.512376002210658e-09,383
2.7284841053187847e-12,384
1.5847945178393275e-10,385
1.7998615930991946e-07,386
8.374286153411958e-09,387
0.00019567205083603767,388
0.00024837693388235493,389
1.5345108295150567e-08,390
6.593500529561425e-06,391
8.019284337024146e-06,392
0.0003847536354442127,393
0.00012897266913114436,394
1.0327130439691246e-06,395
0.00014177909906720743,396
7.617018127348274e-12,397
3.219140819510358e-05,398
1.5719479051767848e-09,399
1.9551850982679753e-07,400
9.31903514356236e-08,401
9.90757654335539e-05,402
1.5932528185658157e-08,403
9.314444469055161e-07,404
2.8558133635669947e-10,405
1.386210669807042e-06,406
3.299192030681297e-10,407
9.082996257347986e-07,408
6.504023986053653e-10,409
7.4475580049693235e-06,410
2.8762769943568856e-10,411
3.433342499192804e-11,412
7.86507234806777e-06,413
4.521007213043049e-08,414
3.3098273206633166e-05,415
2.5653434931882657e-09,416
1.64518496603705e-08,417
1.2958435036125593e-07,418
7.594948510813992e-05,419
8.753886504564434e-12,420
1.9326762412674725e-12,421
4.158437150181271e-09,422
3.4373671951470897e-05,423
8.547885954612866e-09,424
1.1222698617530114e-05,425
2.7376522666600067e-06,426
7.79750394030998e-07,427
4.759632474815589e-06,428
1.2388752907099843e-05,429
1.9841204448312055e-06,430
5.445599526865408e-11,431
4.256003194313962e-08,432
0.00010459552970587538,433
0.0008925741205985105,434
2.353317540837452e-10,435
1.9971196252299706e-07,436
1.890583098429488e-05,437
5.0323981213296065e-06,438
2.3018174033495598e-09,439
1.5915708218017244e-06,440
0.0007993295745336582,441
5.451056495076045e-09,442
3.704577693497413e-07,443
2.97859514830634e-11,444
1.755774974299129e-07,445
9.588052444087225e-05,446
1.9648350644274615e-06,447
4.457523004930408e-06,448
6.878350404804223e-07,449
8.173585229087621e-06,450
3.03474249676583e-05,451
1.8854753761843313e-05,452
5.210267772781663e-10,453
5.305735157890012e-07,454
3.984298473369563e-07,455
0.00025962172242088855,456
5.943547876086086e-10,457
2.2118229026091285e-07,458
3.710101736942306e-08,459
4.338528469816083e-08,460
1.4953798199712764e-08,461
1.9571757547964808e-08,462
3.868990461342037e-09,463
1.958602524609887e-07,464
4.87238600044293e-05,465
2.1914274839218706e-09,466
0.00031274356820176763,467
2.327673053059698e-05,468
5.088324633106822e-05,469
2.758262667157396e-06,470
1.1853486398649693e-05,471
8.185452315956354e-12,472
2.7995952223136555e-06,473
6.821210263296962e-12,474
1.1868905858136714e-10,475
6.910681804583874e-09,476
1.2405255347403e-06,477
0.00037171057942941843,478
2.995568593178177e-08,479
4.025324187750812e-06,480
1.9895196601282805e-11,481
0.0017424652183990474,482
1.0187131806560501e-05,483
1.2597467616615177e-05,484
1.4087277122598607e-08,485
1.4203569662640803e-05,486
7.422017915814649e-07,487
2.4095309186122904e-05,488
1.8189894035458565e-12,489
3.144543825328583e-08,490
8.049028110690415e-11,491
1.1777026429626858e-06,492
6.788637006138742e-05,493
3.4934788573082187e-06,494
6.511832225442049e-06,495
4.900357453152537e-09,496
6.707523425575346e-12,497
4.84222682644031e-05,498
3.001332515850663e-10,499
2.6974839784088545e-07,500
6.821210263296962e-13,501
4.007085863122484e-08,502
7.185617732829996e-06,503
5.505355920831789e-05,504
1.2980397627870843e-05,505
4.096343332093966e-06,506
7.281009357029689e-05,507
2.0930275468344917e-06,508
7.23048287909478e-11,509
1.1373359711797093e-06,510
1.8940409063361585e-07,511
2.6147972675971687e-12,512
2.9583816285594366e-08,513
9.094947017729282e-13,514
0.00045382081793832185,515
1.8788796296576038e-08,516
0.00022064201891680568,517
3.069544618483633e-12,518
1.073840167009621e-06,519
8.643531828056439e-07,520
1.1680185707518831e-08,521
0.0007873060077372429,522
1.964508555829525e-10,523
4.354205884737894e-11,524
4.5478425363398856e-06,525
3.0364617487066425e-09,526
9.712266546557657e-10,527
4.12048765383588e-05,528
2.4442670110147446e-11,529
1.890498424472753e-08,530
0.0001573214938161982,531
2.737306203925982e-08,532
3.410605131648481e-12,533
0.0010445405201835456,534
4.377462346383254e-06,535
9.404641332366737e-08,536
5.025241307521355e-07,537
5.993117952129978e-06,538
0.0017510852926534426,539
1.407652348461852e-06,540
5.111545533509343e-07,541
1.7363390725222416e-09,542
3.2594714411970926e-06,543
6.397995844054094e-05,544
9.393288564751856e-07,545
2.0156676328042522e-10,546
1.3929584383731708e-06,547
5.067813276582456e-06,548
5.048157925102714e-05,549
2.1093489976919955e-07,550
7.329486265916785e-05,551
5.915455858485075e-08,552
0.0001357468396463446,553
5.0634927220016834e-06,554
5.550935043174832e-06,555
0.0006419380197257851,556
1.207580567097466e-06,557
8.493339009874035e-08,558
2.990759639942553e-09,559
2.6700278567659552e-05,560
0.0004258013982507691,561
6.832578947069123e-11,562
8.402291769016301e-07,563
0.00023523407344328007,564
7.865160114306491e-07,565
1.615084283912438e-05,566
1.424150229922816e-05,567
2.2074279968364863e-06,568
3.7570898712147027e-06,569
4.441375631358824e-05,570
4.718003765447065e-11,571
6.464915713877417e-09,572
1.5653540685889311e-09,573
0.001995086932083723,574
1.0406893125036731e-09,575
1.2999294540350093e-05,576
7.700612059124978e-08,577
1.2800230706488946e-06,578
0.00022088816774612496,579
6.706210342599661e-07,580
4.785078999702819e-10,581
6.195784862939036e-08,582
2.2760101046515047e-05,583
1.506647663518379e-06,584
1.7917045624926686e-10,585
3.096057218954229e-05,586
3.3245336226173094e-06,587
3.437548912188504e-07,588
8.36735125631094e-11,589
1.0118128557223827e-11,590
6.487284736067522e-07,591
4.6971194933576044e-08,592
4.445155354915187e-11,593
1.4218014939615387e-05,594
0.00018021694688741263,595
5.668254971169517e-06,596
0.0002614132966982652,597
3.4566780414024834e-05,598
3.4913227864308283e-10,599
6.0492330931083416e-06,600
1.4934130376786925e-08,601
1.2618477285286644e-07,602
6.999931315476715e-06,603
4.6871116410329705e-07,604
1.6754279386077542e-07,605
1.0587996257527266e-08,606
5.3937248253532744e-05,607
4.172378521616338e-05,608
2.4025174980124575e-05,609
7.3714533073143684e-06,610
1.0856456128749414e-05,611
1.0726580512709916e-08,612
0.0001371156736240664,613
3.450242513736157e-05,614
3.481154499240802e-05,615
8.588785590291081e-06,616
2.3962603563632e-06,617
5.310596407070989e-08,618
5.8317937146057375e-09,619
4.81122697237879e-10,620
5.2090269718974014e-05,621
3.6025085137225688e-09,622
0.0004974298688011913,623
8.12236896763352e-06,624
2.644503638293827e-08,625
7.73070496506989e-12,626
1.5916157281026244e-12,627
1.7054343288691598e-05,628
0.0001513870329290512,629
4.6174136514309794e-08,630
1.4746904071216704e-06,631
1.1118082738903468e-06,632
3.33199742499346e-05,633
4.597507654580113e-06,634
8.149964969561552e-07,635
4.095493295608321e-07,636
1.0475923772901297e-06,637
1.9695229411809123e-06,638
1.5772684491821565e-08,639
1.8489697595214238e-07,640
5.6621953490321175e-05,641
9.734147454310005e-05,642
4.430069111549528e-08,643
8.981260180007666e-12,644
2.3387997316604014e-07,645
5.771880751126446e-10,646
2.0463630789890885e-12,647
4.095666611192428e-05,648
1.9099388737231493e-11,649
7.551197563770984e-05,650
4.6303612748488376e-05,651
0.00042891903910913243,652
0.0001446541364202858,653
7.761312383536279e-05,654
1.930360895130434e-06,655
5.064999879778043e-05,656
2.9379805255302927e-07,657
9.957723841580446e-05,658
3.4551719636510825e-06,659
1.988838971556106e-05,660
1.4779288903810084e-12,661
2.3874235921539366e-12,662
0.001315024838845602,663
8.54328163768514e-08,664
2.979971429795114e-05,665
1.0091548574564513e-07,666
2.5164632688756683e-06,667
0.000927077568576351,668
0.00023917549219731882,669
1.6246985978796147e-09,670
6.576783562195487e-10,671
1.1220890883123502e-10,672
2.39451992456452e-07,673
4.15941121900687e-06,674
7.4495574153843336e-09,675
9.664674962550635e-07,676
4.791909088908142e-05,677
5.3507458574131306e-05,678
2.3380380298476666e-08,679
3.897226781646168e-05,680
0.00019421646049977426,681
2.786786126307561e-05,682
7.068608738336479e-07,683
3.184032027547801e-05,684
4.94765117764473e-10,685
2.8968042897759005e-06,686
0.0003547326368789072,687
0.000423092335495312,688
3.637978807091713e-12,689
2.3606184754498827e-05,690
1.1687529877235647e-07,691
3.62103457973717e-05,692
1.0189637578150723e-08,693
0.0002510735647547335,694
2.9790491566927813e-05,695
1.0592634680506308e-07,696
1.2327700460446067e-07,697
1.2670767205236189e-05,698
0.00112081781969664,699
0.0037263874741029213,700
9.813255815060984e-06,701
2.500996743037831e-09,702
6.829815561104624e-06,703
1.2131108405810664e-05,704
5.271084057767439e-05,705
1.2050804798491299e-11,706
8.633923016532208e-07,707
1.364776380796684e-08,708
9.816821500407968e-05,709
1.2719090136670275e-07,710
1.0721343301156594e-05,711
5.066748599347193e-06,712
7.082689990056679e-11,713
8.682516181579558e-07,714
1.0118128557223827e-11,715
5.4569682106375694e-12,716
3.1705587844044203e-07,717
2.1267077272568713e-06,718
0.00016642154162127554,719
3.850955863526906e-05,720
1.7971046872844454e-08,721
2.509972500774893e-05,722
6.979291811148869e-08,723
3.558398020686582e-11,724
4.844429668082739e-06,725
3.1694867175247055e-08,726
6.252776074688882e-12,727
3.069544618483633e-12,728
6.054020786905312e-07,729
0.008466046821467899,730
1.6985984530037967e-06,731
0.0007559100322396262,732
4.581579560181126e-11,733
9.094947017729282e-13,734
5.904996669414686e-08,735
1.557417351705226e-05,736
4.417328227646067e-07,737
1.0459189070388675e-10,738
2.6519346874920302e-05,739
2.2168933355715126e-11,740
0.0001111336205212865,741
1.1027623258996755e-11,742
6.898473657201976e-06,743
1.4375795331034169e-05,744
1.5638613604096463e-07,745
9.215000318363309e-08,746
7.740269586520299e-05,747
5.136754452905734e-07,748
4.791445462615229e-09,749
1.3642420526593924e-12,750
2.4097062123473734e-09,751
7.327344064833596e-09,752
0.0004930172372041852,753
0.000732393836187839,754
4.5740614496025955e-07,755
8.786673788563348e-08,756
1.0459189070388675e-11,757
0.0004589800541907607,758
1.2884652278444264e-07,759
7.037641216811608e-05,760
4.092726157978177e-12,761
9.504014053618448e-05,762
9.170662451651879e-09,763
1.8249124877911527e-08,764
5.27211250300752e-06,765
0.0006899247658793684,766
0.0002272307621069558,767
1.3669034615304554e-07,768
1.8559148884378374e-08,769
2.639123488279438e-05,770
2.2378326320904307e-06,771
1.665694196617551e-05,772
0.0004683362313926409,773
2.0622792362701148e-10,774
2.3484886241931235e-05,775
2.2225776774575934e-10,776
1.1961507198066101e-06,777
7.971479476509558e-06,778
4.440488532964082e-05,779
2.8075476848243852e-05,780
3.672084858408198e-11,781
5.524286848412885e-06,782
0.00046858383211656474,783
0.0017351727833556652,784
8.374479421036085e-08,785
4.93365973852633e-07,786
2.531627842472517e-06,787
1.2960299500264227e-11,788
1.7621459846850485e-11,789
0.00034072778714744345,790
3.637978807091713e-12,791
2.6147972675971687e-12,792
2.0279458112781867e-09,793
5.561431635214831e-07,794
0.00014771656174161762,795
2.3686672307121626e-05,796
4.937228595736087e-06,797
2.717115421546623e-11,798
1.3709579775422753e-05,799
5.421895821200451e-08,800
5.4569682106375694e-12,801
2.330992856514058e-07,802
0.0005332347130888593,803
4.888534022029489e-12,804
3.787476998695638e-09,805
4.0792175468595815e-06,806
8.449522965747747e-07,807
8.105871529551223e-11,808
3.7527093923017674e-05,809
0.0024437727464601267,810
7.2271443514182465e-06,811
4.2703222561613075e-05,812
8.142819751810748e-07,813
0.0001372075799963568,814
6.356685844366439e-09,815
1.5006662579253316e-11,816
1.5889926316958736e-06,817
0.000391173915318177,818
5.115907697472721e-12,819
8.185452315956354e-12,820
4.206322046229616e-08,821
6.599268544960069e-07,822
9.851708568930917e-06,823
2.4001201381906867e-07,824
1.1709744285326451e-11,825
6.5129484028148e-08,826
1.3725779126616544e-06,827
4.774847184307873e-12,828
9.43600753089413e-12,829
1.9149638319504447e-08,830
1.434146543033421e-05,831
1.4150600691209547e-09,832
1.5143086784519255e-10,833
3.5668368809638196e-06,834
2.7284841053187847e-12,835
3.296918293926865e-12,836
2.8636236493184697e-08,837
9.662960565037793e-08,838
0.0017043952668700513,839
5.64567699257168e-08,840
2.9467628337442875e-10,841
1.5447005239366263e-05,842
6.396536491592997e-07,843
0.00018459824264027702,844
1.1368683772161603e-12,845
1.8449585809321434e-05,846
3.1708134429209167e-07,847
7.241851562866941e-11,848
2.3391999206978653e-05,849
1.2805434494111978e-05,850
0.00033887097538354283,851
1.8159198589273728e-09,852
3.7635277294612024e-07,853
1.3068765269963478e-05,854
0.00011689084556110174,855
5.958850010756578e-06,856
3.820037795776443e-05,857
9.094947017729282e-12,858
2.4210521587519906e-08,859
4.547473508864641e-12,860
1.1027623258996755e-11,861
3.069544618483633e-12,862
4.817914589239081e-05,863
0.0006451925960391236,864
9.946018053597072e-08,865
3.886270860675722e-09,866
5.723292133552604e-07,867
2.656531705724774e-08,868
3.913403406841098e-05,869
4.2089141061296687e-08,870
1.0579560694168322e-07,871
3.1789056720299413e-07,872
2.364799911447335e-09,873
3.637978807091713e-12,874
0.002629285149964744,875
2.4014542191252986e-05,876
2.9712498417211464e-07,877
1.2877364724772633e-05,878
1.7395223039784469e-09,879
9.424286076864519e-06,880
1.375610736431554e-10,881
6.757094161002897e-05,882
1.5559814187326992e-05,883
0.00014185822169565654,884
9.777068044058979e-12,885
1.0143905456061475e-05,886
1.9326762412674725e-12,887
0.0002800201713171191,888
4.151843313593417e-09,889
0.00020087580764993618,890
1.0877556633204222e-09,891
4.7181076411106915e-05,892
7.499932053178782e-08,893
2.384136598720943e-05,894
5.073790907772491e-05,895
0.00010243323959002737,896
3.0519458960043266e-08,897
2.1600499167107046e-12,898
2.3843995222705416e-08,899
2.2808455923950532e-06,900
3.136954990168306e-05,901
1.2505552149377763e-12,902
3.264784379553021e-05,903
1.546140993013978e-11,904
0.001179546918365304,905
1.3702332012144325e-05,906
1.2343093658273574e-08,907
7.518891607105616e-07,908
5.631818453366577e-06,909
6.730260793119669e-11,910
1.7621459846850485e-11,911
3.296918293926865e-12,912
0.0001360949972877279,913
5.7980287238024175e-12,914
6.0254023992456496e-12,915
2.549313649069518e-08,916
8.106160294119036e-07,917
2.7284841053187847e-12,918
7.598464435432106e-07,919
2.8121974082750967e-07,920
1.780950128704717e-06,921
2.022297053372313e-06,922
4.0686188640393084e-07,923
0.00039747073935814115,924
2.3874235921539366e-12,925
9.094947017729282e-13,926
6.934897101018578e-12,927
4.383537088870071e-09,928
2.3874235921539366e-12,929
0.00011342326331487129,930
3.2180472544496297e-06,931
2.583192895144748e-06,932
6.821210263296962e-13,933
3.5498715078574605e-09,934
7.539711077697575e-10,935
5.4569682106375694e-12,936
2.0231879602761182e-05,937
1.2175996744190343e-07,938
2.9669388368347427e-07,939
5.598496954917209e-08,940
1.4381384971784428e-10,941
1.863032366600237e-05,942
7.088367669894069e-05,943
4.236752602082561e-07,944
0.00020863083364019985,945
9.396124801241967e-05,946
5.630511168419616e-08,947
2.3874235921539366e-12,948
2.751221472863108e-10,949
1.2676118558374583e-05,950
1.693024387350306e-09,951
6.852869546492002e-06,952
1.5961427379806992e-07,953
3.0711362342117354e-09,954
0.0013395704780805318,955
0.00011307028307783185,956
1.374549754018517e-05,957
2.568632453403552e-07,958
1.2050804798491299e-11,959
7.426024239975959e-10,960
1.4874274256726494e-07,961
5.343281372915953e-12,962
6.306709224190854e-06,963
0.00030518448534166964,964
1.1785012929976801e-06,965
6.99060365150217e-10,966
1.3140518149157288e-06,967
0.00012048110420437297,968
4.5690967453992926e-08,969
3.1906869253361947e-06,970
3.855182262668677e-05,971
7.242637593662948e-06,972
9.463292371947318e-10,973
0.00026532191373007663,974
4.4133230403531343e-10,975
6.845198186056223e-09,976
3.976003881689394e-08,977
2.03246491992104e-05,978
1.0980215847666841e-08,979
1.0163262231799308e-07,980
3.715285856742412e-10,981
1.8253934968015528e-06,982
3.979039320256561e-11,983
7.79891706770286e-11,984
1.066522372639156e-07,985
0.0014995947700526813,986
7.651124178664759e-11,987
3.1336662686953787e-07,988
3.0456703825620934e-10,989
9.860978025244549e-07,990
7.500226729462156e-06,991
5.947822944563086e-05,992
8.617462299298495e-10,993
3.1934632716001943e-10,994
3.121687086604652e-07,995
0.00047749822317655344,996
2.434377393001341e-07,997
8.600433602623525e-06,998
8.617462299298495e-11,999
4.082153282070067e-08,1000
8.133156370604411e-10,1001
1.3458907233143691e-05,1002
8.162714948412031e-11,1003
3.699537387547025e-06,1004
5.315746420819778e-08,1005
8.645915966098983e-05,1006
1.4722445484949276e-10,1007
3.658442437881604e-10,1008
5.434499144030269e-07,1009
9.308948165198672e-06,1010
0.00025259208439365466,1011
8.287088348879479e-09,1012
4.950770403411298e-06,1013
3.10592440655455e-09,1014
2.1664550331479404e-07,1015
2.3326265363721177e-09,1016
4.644908426598704e-05,1017
1.1323209037072957e-10,1018
1.080936158359691e-05,1019
3.335885651267745e-05,1020
3.756394676202035e-06,1021
0.0003058054777511643,1022
6.166374078020453e-10,1023
6.669358754152199e-08,1024
1.5978105238900753e-07,1025
6.729294682372711e-06,1026
0.0009547007418859721,1027
1.404509816893551e-06,1028
1.6680132830515504e-09,1029
2.5707866711854876e-05,1030
4.546336640487425e-10,1031
2.6147972675971687e-12,1032
3.5781166843662504e-05,1033
2.240767571493052e-10,1034
2.8849359068772173e-05,1035
2.1033758912381018e-07,1036
3.069544618483633e-12,1037
1.4945953807909973e-08,1038
1.2193595466669649e-08,1039
0.00016428637366061594,1040
0.00043431367919311015,1041
5.6130780876628705e-06,1042
1.9518779481586535e-08,1043
1.8758328224066645e-11,1044
4.403170805744594e-08,1045
6.633612656514742e-06,1046
3.751665644813329e-12,1047
3.296918293926865e-12,1048
6.897423781992984e-05,1049
1.9435219655861147e-07,1050
1.605615238986502e-06,1051
4.148825382799259e-06,1052
9.877540139768826e-05,1053
6.13219708611723e-06,1054
7.4078343459405e-10,1055
0.0003668426666081359,1056
0.0002234335631783324,1057
1.1596057447604835e-11,1058
5.5706550483591855e-12,1059
2.7966962079517543e-11,1060
2.4093651518342085e-09,1061
2.335383442186867e-07,1062
1.3573924661614e-05,1063
0.00017912025600708148,1064
8.004038966191729e-05,1065
3.5368885846764897e-06,1066
0.000290356079403864,1067
1.2650718872464495e-06,1068
4.320099833421409e-12,1069
3.3304297630820656e-07,1070
1.830358087318018e-11,1071
2.905530891439412e-06,1072
1.5450041246367618e-10,1073
9.404573120264104e-08,1074
0.0001453059292089165,1075
0.00011706462714755617,1076
2.2590812704947894e-06,1077
0.0006814036781861432,1078
1.240668439095316e-06,1079
0.00015809479305062268,1080
6.757329629181186e-08,1081
1.1458612789283507e-05,1082
0.00022939914333619527,1083
8.326610782205535e-06,1084
3.697734882734949e-07,1085
1.7847201434051385e-05,1086
1.9661085502775677e-05,1087
7.74463501329592e-07,1088
1.296746177104069e-08,1089
1.1339125194353983e-09,1090
9.599305030860705e-07,1091
6.104983185650781e-11,1092
0.00010206820138591866,1093
9.71749420841661e-06,1094
1.1075673569393985e-05,1095
1.538609240014921e-07,1096
8.138397333823377e-08,1097
2.306702310761466e-05,1098
2.913737944254535e-07,1099
2.4997448235808406e-06,1100
1.1744020866899518e-06,1101
2.735684915933234e-06,1102
2.392800979578169e-08,1103
5.525180313270539e-11,1104
2.637534635141492e-11,1105
6.214251573055662e-05,1106
9.86848363027093e-08,1107
8.206046004488599e-06,1108
0.0029652159927309185,1109
4.0245140553452075e-11,1110
2.5823019996096264e-05,1111
1.6040822970353474e-05,1112
1.6433909877378028e-07,1113
2.309614308160235e-05,1114
4.610414816852426e-05,1115
0.000504124785265958,1116
1.730029453028692e-08,1117
7.833677955204621e-07,1118
1.1141310096718371e-11,1119
9.241603038390167e-10,1120
6.252776074688882e-12,1121
7.342306389546138e-07,1122
3.173614800289215e-05,1123
3.174750418111216e-08,1124
3.712991178872471e-05,1125
2.7436249183665495e-07,1126
4.707207949650183e-06,1127
7.899500815256033e-06,1128
6.21346202933637e-07,1129
2.530828169255983e-08,1130
4.150914492129232e-07,1131
2.4751170712988824e-07,1132
7.35604892270203e-05,1133
7.424572459058254e-07,1134
6.171831046231091e-09,1135
3.1604940886609256e-11,1136
4.8862131052374025e-06,1137
4.1843018152576406e-06,1138
5.356480414775433e-07,1139
0.000100998328548485,1140
6.179709544085199e-08,1141
1.2418013284332119e-09,1142
6.0254023992456496e-12,1143
5.097717803437263e-10,1144
1.2085808975825785e-07,1145
0.0002050018009640553,1146
4.593248718265386e-06,1147
1.871080712589901e-07,1148
2.159776954613335e-06,1149
1.3642420526593924e-12,1150
3.7630343285854906e-11,1151
7.147063831780542e-05,1152
0.00018998888481291942,1153
4.398153294005169e-05,1154
3.356082061145571e-07,1155
8.849156074575149e-08,1156
0.0014881470332284152,1157
3.637978807091713e-12,1158
4.9968059670391085e-05,1159
1.737134880386293e-10,1160
1.30604462356132e-07,1161
0.00010136574826447031,1162
2.5815550202423765e-05,1163
3.3882611205626745e-07,1164
1.138760126195848e-07,1165
4.431802835824783e-07,1166
4.661160346586257e-12,1167
3.4406400573061546e-07,1168
1.169775032394682e-07,1169
0.0008488759447118355,1170
2.674687834769429e-06,1171
1.5727891877759248e-08,1172
6.13272504779161e-07,1173
0.00016925474017170927,1174
2.000888343900442e-11,1175
4.5404431148199365e-07,1176
0.026597041481181805,1177
0.0009743060741129739,1178
0.0003225985198014314,1179
7.257085599121638e-09,1180
0.0017384962452524633,1181
3.273565016570501e-05,1182
2.5142302320091403e-06,1183
3.6118308344157413e-10,1184
2.78377683571307e-07,1185
0.0005427716554322615,1186
1.2421107840054901e-06,1187
3.411727675484144e-06,1188
1.986109054996632e-10,1189
0.00023250338097113854,1190
5.653373591485433e-08,1191
4.661160346586257e-12,1192
1.2884811440017074e-08,1193
3.249169822083786e-10,1194
2.6509015810916026e-05,1195
1.5916157281026244e-12,1196
6.693017780889932e-06,1197
0.0003241796470092595,1198
6.673116672573087e-06,1199
6.187874407714844e-05,1200
1.082907533600519e-05,1201
5.5972084282984724e-06,1202
5.149635171619593e-07,1203
8.20781485799671e-06,1204
1.223709546138707e-06,1205
2.1960968410894566e-05,1206
1.730870280880481e-06,1207
6.653635909970035e-05,1208
1.3642420526593924e-12,1209
1.7646584637986962e-08,1210
1.1896851219717064e-06,1211
1.797907520995068e-05,1212
0.002894874214234733,1213
6.044691758688714e-06,1214
1.6375988025174593e-05,1215
0.00011388251414246042,1216
6.266787977438071e-07,1217
1.8678505512070842e-05,1218
5.240997904820688e-05,1219
0.00010879463388846489,1220
4.560200750347576e-07,1221
1.5248815543600358e-09,1222
1.1926563615816121e-05,1223
2.3132931573854876e-05,1224
4.972035867467639e-07,1225
5.796891855425201e-10,1226
9.094947017729282e-12,1227
1.8209162817584001e-06,1228
0.00013681532038845035,1229
7.40023438083881e-07,1230
1.60235489374827e-05,1231
8.860638445185032e-09,1232
2.4005358909562347e-06,1233
3.198074409738183e-07,1234
1.1339841421431629e-07,1235
0.00013091273274312698,1236
1.1585029824345838e-08,1237
0.00010428340362977906,1238
0.0008617894052349584,1239
1.5404566511278972e-10,1240
1.08995527625666e-06,1241
1.4097167877480388e-11,1242
4.129788067075424e-09,1243
8.688620380326029e-05,1244
2.9524471756303683e-10,1245
1.4335289506561821e-06,1246
2.6811836050910642e-05,1247
6.205027602845803e-10,1248
1.0674267514332314e-06,1249
1.593880426753458e-05,1250
1.0231815394945443e-12,1251
1.2489000823734386e-05,1252
1.3596945791505277e-10,1253
1.2608049928530818e-06,1254
1.1368683772161603e-11,1255
1.034419483403326e-07,1256
2.9714645961576025e-06,1257
3.210507111361949e-05,1258
1.8902002238974092e-06,1259
0.00013016823208999995,1260
2.376054908381775e-11,1261
5.49309083908156e-06,1262
2.114575181622058e-11,1263
4.547473508864641e-12,1264
1.8467241034159088e-06,1265
5.566349727814668e-07,1266
7.16227077646181e-12,1267
5.623322749670479e-07,1268
1.542969130241545e-08,1269
8.675101526023354e-09,1270
3.998045485786861e-07,1271
2.8217324370416463e-06,1272
0.0005228551927984881,1273
9.729749308462488e-07,1274
1.8258106138091534e-08,1275
3.2097898383653956e-07,1276
1.1299778179818531e-06,1277
8.075365940385382e-07,1278
1.8288915271114092e-08,1279
6.981817375617538e-05,1280
6.361462169479637e-06,1281
1.1794617194027524e-06,1282
8.85769156866445e-06,1283
0.00021521402800317446,1284
7.992184691829607e-10,1285
2.9558577807620168e-12,1286
0.00024083400614927086,1287
1.6109937064356927e-05,1288
1.2718146535917185e-06,1289
1.9895196601282805e-11,1290
1.12066800284083e-08,1291
5.039282314101001e-06,1292
0.0001235289807937079,1293
2.6992256607627496e-07,1294
2.7284841053187847e-11,1295
0.0001102578055451886,1296
1.6383410184062086e-09,1297
6.967638910282403e-09,1298
3.2687171028555895e-05,1299
2.2712363147547876e-05,1300
2.7226985821471317e-06,1301
2.962866449252033e-05,1302
8.333770938406815e-05,1303
1.20647462154011e-06,1304
1.1415301059969352e-06,1305
4.181646318102139e-07,1306
0.0001091128099233174,1307
4.7420359805983026e-05,1308
1.2485315892263316e-08,1309
5.468095253036154e-05,1310
0.00016153893409409648,1311
3.9436827137251385e-09,1312
1.64909147315484e-06,1313
2.9899626952101244e-07,1314
4.195926521788351e-07,1315
4.311683937885391e-05,1316
1.0530451390877715e-06,1317
1.9872459233738482e-10,1318
1.1823431123048067e-11,1319
4.30353566116537e-08,1320
0.002262173184817584,1321
2.2232416085898876e-07,1322
2.884689820348285e-09,1323
0.003094833004411157,1324
9.524187169063225e-05,1325
1.2846612662542611e-10,1326
1.5132268345041666e-06,1327
2.5693225325085223e-10,1328
7.155176717787981e-08,1329
0.00015122128729672113,1330
0.00013207709753260133,1331
8.695928954693954e-08,1332
3.0174760468071327e-09,1333
1.3651060726260766e-07,1334
0.0005384155933825241,1335
1.5565013882223866e-06,1336
8.773016588747851e-07,1337
2.5809856992964342e-05,1338
6.393813214344846e-05,1339
1.3642420526593924e-12,1340
1.8189894035458565e-12,1341
6.9783110347998445e-06,1342
0.0003006247998200706,1343
3.182820591973723e-06,1344
0.0007767470918906838,1345
1.716671249596402e-11,1346
3.534486836542783e-06,1347
5.358941734812106e-07,1348
1.452360720577417e-08,1349
8.29913915367797e-12,1350
0.0001799609061663432,1351
2.563394900789717e-07,1352
2.3587559780935408e-05,1353
7.753442332614213e-11,1354
4.604316927725449e-10,1355
2.623982925342716e-05,1356
2.10627604246838e-09,1357
8.071765478234738e-12,1358
1.1201474308109027e-06,1359
2.787140806503885e-05,1360
1.3202213835938892e-05,1361
1.1368683772161603e-11,1362
9.93490186829149e-06,1363
1.9974777387687936e-08,1364
1.7312166846750188e-06,1365
5.6111254366442154e-05,1366
5.94822461152944e-06,1367
1.522999241387879e-05,1368
1.8447963157086633e-09,1369
0.002650415290077035,1370
0.00018197633869476704,1371
2.5011104298755527e-12,1372
2.436431600472133e-06,1373
8.576159871154232e-08,1374
1.000444171950221e-11,1375
2.2282620193436742e-11,1376
2.2010098518876475e-05,1377
2.9707359772146447e-07,1378
5.8797352721740026e-05,1379
3.1803717661205155e-05,1380
1.3642420526593924e-12,1381
5.929621238465188e-08,1382
2.263277565361932e-09,1383
8.838957091938937e-05,1384
6.600910376164393e-05,1385
5.221414812695002e-05,1386
6.59383658785373e-12,1387
3.839615146716824e-06,1388
2.132735119175777e-05,1389
9.274558306060499e-05,1390
9.6390650696776e-06,1391
1.0989083421009127e-07,1392
4.774847184307873e-12,1393
7.048583938740194e-12,1394
2.702089432204957e-06,1395
8.03743205324281e-09,1396
1.8291075321030803e-08,1397
2.8421709430404007e-12,1398
2.7262103685643524e-10,1399
4.710880148195429e-07,1400
8.424194675171748e-11,1401
8.439840030405321e-06,1402
4.945377440890297e-11,1403
4.188587092812668e-05,1404
7.393168743874412e-07,1405
1.7017476920955232e-06,1406
3.295747319498332e-08,1407
5.107040124130435e-09,1408
7.958078640513122e-13,1409
2.4700129870325327e-06,1410
2.7061041123488394e-05,1411
1.2400960258673877e-09,1412
8.898025839698676e-06,1413
1.1756184221667354e-06,1414
6.139089236967266e-12,1415
3.6162873584544286e-08,1416
1.3967660379421432e-06,1417
5.684341886080801e-13,1418
1.170974428532645e-10,1419
0.00024350443709408864,1420
4.507689936872339e-07,1421
9.43600753089413e-12,1422
1.715534381219186e-10,1423
1.6157758864210336e-06,1424
1.4776643411096302e-06,1425
1.692208752501756e-05,1426
1.206842625833815e-07,1427
4.896772566098662e-06,1428
2.210363959420647e-06,1429
3.843166041406221e-06,1430
1.9326762412674725e-11,1431
1.4903730516380165e-07,1432
7.247194844239857e-08,1433
1.0452414471728844e-06,1434
1.3158484534869785e-05,1435
3.865352482534945e-11,1436
7.561576808257087e-06,1437
3.1604940886609256e-11,1438
4.5045692331768805e-07,1439
1.1897327567567118e-09,1440
1.0118128557223827e-11,1441
0.0003341406023764648,1442
0.0002480337196857363,1443
3.081699230733648e-05,1444
1.0829808161361143e-09,1445
4.922329708278994e-07,1446
5.975152816972695e-09,1447
1.7478511153967702e-06,1448
2.525758873161976e-07,1449
4.661160346586257e-12,1450
1.1160856274727848e-06,1451
1.6733064285290311e-06,1452
1.363462160952622e-06,1453
5.1800749929498124e-05,1454
0.0012575196278703515,1455
1.0687699614209123e-09,1456
0.0004410635796148199,1457
4.995899189452757e-06,1458
1.60679292093846e-08,1459
1.4350121091410983e-08,1460
4.404978540151205e-06,1461
7.833023119019344e-11,1462
1.7118964024120942e-09,1463
7.321465318455012e-05,1464
9.121622952079633e-06,1465
1.1365026466592099e-06,1466
6.371124072757084e-08,1467
1.4720750414198847e-05,1468
7.568053206341574e-08,1469
3.0178919132595183e-06,1470
2.1671011154467124e-06,1471
3.566356099327095e-10,1472
9.958966984413564e-11,1473
9.697228847471706e-06,1474
5.504199407369015e-07,1475
5.514895633496053e-06,1476
0.00327718490711959,1477
5.309782068252389e-06,1478
8.844835974741727e-11,1479
1.0679588513085037e-05,1480
8.185452315956354e-11,1481
5.289803084451705e-08,1482
4.844454224439687e-07,1483
4.276154857052461e-05,1484
6.270474511893553e-05,1485
2.9663169698324054e-07,1486
1.638227331568487e-10,1487
2.1375399228418246e-08,1488
5.114599230182648e-05,1489
3.8198777474462986e-11,1490
7.617018127348274e-11,1491
0.0012719885631895522,1492
1.6307952819261118e-06,1493
2.5994029329012847e-07,1494
1.0867097444133833e-08,1495
1.1564452506718226e-08,1496
5.694944320566719e-07,1497
5.651372703141533e-10,1498
0.00011594800969305652,1499
0.000824227139901268,1500
0.0002085266668245822,1501
1.3987860256747808e-06,1502
5.640558390496153e-05,1503
7.258626055772766e-07,1504
4.290840251996997e-07,1505
8.310610155604081e-08,1506
2.744561027157033e-05,1507
1.98147063201759e-08,1508
1.8193532014265656e-08,1509
0.00014891393789184804,1510
5.347828846424818e-10,1511
3.0080400392762385e-09,1512
1.6764981864980655e-06,1513
7.389271445390477e-06,1514
3.2590605769655667e-09,1515
9.1034712909277e-05,1516
8.793142569629708e-08,1517
4.163211997365579e-10,1518
3.785771696129814e-11,1519
9.042652209245716e-07,1520
0.0017617737097452846,1521
3.814823912762222e-06,1522
1.3766729921371734e-05,1523
1.546140993013978e-11,1524
7.397476906589873e-06,1525
3.2156944712369295e-05,1526
1.981595687539084e-07,1527
0.00016170979904472915,1528
0.00016689416167992022,1529
6.661235602223314e-06,1530
0.0006723751778281439,1531
7.048583938740194e-12,1532
9.799136250876472e-06,1533
3.9339056456810795e-09,1534
0.0003180039094559106,1535
3.5641551221488044e-06,1536
8.246094012065441e-07,1537
6.646700967394281e-09,1538
2.4941075480455766e-05,1539
6.715333711326821e-08,1540
5.629944803331455e-05,1541
6.410130708900397e-06,1542
2.1212827050476335e-09,1543
9.46355726227921e-07,1544
1.6002244706214697e-05,1545
3.266046292083047e-06,1546
5.337735092325602e-05,1547
0.000118380961339426,1548
2.1515234038815834e-09,1549
2.6104771677637473e-08,1550
1.5916157281026244e-11,1551
9.262018102162983e-05,1552
2.674957045201154e-06,1553
1.7453430700697936e-08,1554
0.000230329056194023,1555
1.529463133920217e-08,1556
2.0199195205350406e-08,1557
8.64883941176231e-06,1558
1.4015950000612065e-07,1559
3.9640099203097634e-08,1560
2.6247904429510527e-05,1561
5.4163527693162905e-05,1562
3.993896416432108e-05,1563
2.8421709430404007e-12,1564
2.916040102718398e-07,1565
2.955857780762017e-11,1566
7.91146703704726e-10,1567
0.0001321550311104147,1568
1.021828666125657e-08,1569
3.2929835924733197e-07,1570
3.556359615686233e-07,1571
8.660177365982236e-05,1572
1.6207159433179186e-05,1573
4.6991965518827783e-07,1574
0.0002986917901353081,1575
2.736973885930638e-05,1576
4.412402176967589e-07,1577
9.432369552087039e-09,1578
1.1762368444578897e-05,1579
4.354205884737894e-11,1580
0.0003261663894136291,1581
1.4196871234162245e-08,1582
1.6484591469634324e-11,1583
2.0230343125149375e-06,1584
1.200009137392044e-06,1585
0.0002631084648783144,1586
9.879523156541836e-05,1587
4.1382008930668235e-11,1588
5.740064011661161e-05,1589
0.0007770661703716542,1590
3.9904080040287226e-11,1591
5.512297320819926e-07,1592
3.542257900335244e-07,1593
2.0063572037543054e-05,1594
1.4757897588424385e-06,1595
2.9181231752772874e-05,1596
5.9117155615240335e-12,1597
2.97859514830634e-11,1598
1.8173082025896292e-06,1599
1.2823875294998288e-10,1600
9.777068044058979e-12,1601
1.1368683772161603e-11,1602
1.8450734842190286e-06,1603
3.410605131648481e-12,1604
0.00012981176428183971,1605
1.2156270486229914e-05,1606
0.00018044258024474402,1607
3.5720613595913164e-06,1608
1.8308762719243532e-06,1609
0.00046572388805543596,1610
5.301217242958955e-10,1611
1.2219046539030387e-05,1612
8.826696102914866e-07,1613
3.758486855076626e-10,1614
4.6841830680932617e-07,1615
1.1719635040208232e-05,1616
3.8733225210307864e-05,1617
2.3708867047389504e-07,1618
1.7053025658242404e-12,1619
8.445675496204785e-05,1620
8.424687882779835e-05,1621
1.5773756672388117e-05,1622
7.73180772739579e-08,1623
2.654701347637456e-09,1624
4.785182454725145e-07,1625
3.751665644813329e-12,1626
1.85582393896766e-09,1627
1.714739096314588e-05,1628
0.0002762652035244173,1629
1.1368683772161603e-12,1630
1.6604303709755186e-08,1631
6.73173872201005e-09,1632
0.00028616085387511703,1633
1.2478425674089522e-05,1634
2.5011104298755527e-12,1635
1.2368753459668369e-05,1636
8.415781849180348e-09,1637
9.198402040055953e-10,1638
1.5495015418309777e-05,1639
3.8936939290579176e-06,1640
1.513815163889376e-06,1641
3.154594878651551e-07,1642
5.785809435110423e-06,1643
1.1482370609883219e-11,1644
2.3112875169317704e-08,1645
1.004912292046356e-06,1646
1.2530347248684848e-07,1647
1.3278622645884752e-10,1648
8.425115538557293e-07,1649
0.0003787316551324693,1650
0.0006985592290220666,1651
1.5037278444651747e-07,1652
6.63407035972341e-08,1653
9.094947017729282e-13,1654
8.213874025386758e-10,1655
5.738822915191122e-05,1656
4.422008714755066e-08,1657
3.7965151022945065e-08,1658
1.0229996405541897e-08,1659
4.038653412408166e-05,1660
0.0014911397806827154,1661
6.934852888207388e-05,1662
1.746570887917187e-09,1663
1.48929757415317e-11,1664
3.384177489351714e-06,1665
3.591416430026584e-06,1666
8.087351943686372e-08,1667
4.774847184307873e-12,1668
4.1040948417503387e-11,1669
1.1434428415668663e-05,1670
3.467911255938816e-07,1671
1.6122301872201206e-05,1672
7.867697604524437e-09,1673
8.251993222074816e-07,1674
4.320099833421409e-12,1675
0.00859994420898147,1676
7.311559784284327e-07,1677
0.00013826816393702757,1678
7.315861694223713e-09,1679
2.4416408450633753e-08,1680
3.8897792364878114e-07,1681
0.0006236634036440591,1682
3.751665644813329e-12,1683
2.0708658894363907e-06,1684
8.990824767352024e-06,1685
1.2785346825694432e-07,1686
1.3642420526593924e-12,1687
0.00047435647377369605,1688
3.952133204165875e-05,1689
4.273936383469845e-06,1690
5.002220859751105e-12,1691
2.172436438740988e-06,1692
7.617018127348274e-12,1693
1.1913746448044549e-05,1694
4.937998744480865e-05,1695
0.0004513274534474476,1696
0.0015467244071487585,1697
6.9436251806109794e-06,1698
4.656171495298622e-05,1699
4.06828348786803e-09,1700
1.6408691976721457e-05,1701
8.586892420225922e-05,1702
1.0481926437932998e-10,1703
3.6263530773794628e-06,1704
8.322533005866717e-05,1705
1.98047018784564e-08,1706
5.538981895369943e-08,1707
4.4255682496441295e-06,1708
7.516084565395431e-06,1709
9.126613178978005e-05,1710
1.7503111848782282e-08,1711
5.5706550483591855e-12,1712
9.118389471041155e-06,1713
3.8262028283497784e-05,1714
7.287326297955588e-11,1715
2.4574882559136313e-05,1716
3.641764578787843e-08,1717
1.4907861896062968e-06,1718
5.908127388920548e-05,1719
1.239061475644121e-08,1720
1.5012346921139397e-07,1721
0.0005581526829701033,1722
1.0231815394945443e-12,1723
4.547473508864641e-12,1724
3.8512468449880544e-05,1725
2.7029852844862035e-07,1726
7.958078640513122e-13,1727
7.628322805430798e-06,1728
3.707839368871646e-08,1729
7.457679862454825e-05,1730
0.00015919856025448098,1731
2.2238481278691324e-06,1732
2.125180867551535e-05,1733
4.130130264456966e-07,1734
1.073823750630254e-05,1735
5.406796276474779e-06,1736
8.907605888452963e-07,1737
0.0010072817922264221,1738
2.3806023818906397e-10,1739
5.9117155615240335e-12,1740
3.410605131648481e-10,1741
1.0639611218721257e-06,1742
3.524291969370097e-12,1743
1.0717826626205351e-06,1744
9.338681365989032e-07,1745
1.0789693646984233e-05,1746
1.2131283142480243e-05,1747
9.160121510376484e-05,1748
7.319368933167425e-07,1749
0.00024737687226661365,1750
7.30717511032708e-06,1751
6.62166769416217e-06,1752
3.920524704881245e-08,1753
0.002834801456515379,1754
4.8955143938655965e-08,1755
3.5484079035086324e-06,1756
3.759203082154272e-08,1757
9.43653299145808e-06,1758
4.463743152882671e-08,1759
1.4440078075494966e-06,1760
6.02173425932051e-05,1761
2.66464780906972e-07,1762
1.2082499097232358e-05,1763
1.3749468052992597e-07,1764
1.936939497682033e-08,1765
0.0003083389922267088,1766
3.296918293926865e-12,1767
0.00018786331008868729,1768
3.3003288990585133e-10,1769
4.5728093937214e-05,1770
9.992618288379163e-09,1771
1.102104295114259e-05,1772
2.1665186977770645e-08,1773
7.509309079978266e-05,1774
1.6329954632965382e-07,1775
2.0206089743624034e-05,1776
1.1861857274197973e-08,1777
5.552351467486005e-09,1778
9.231371222995222e-11,1779
3.1905511605145875e-05,1780
3.1798208510736004e-10,1781
1.4620127330999821e-10,1782
2.0966149349987973e-07,1783
2.6721934318629792e-05,1784
7.680152225475467e-05,1785
3.743838101399888e-05,1786
7.840260218472395e-05,1787
3.410605131648481e-12,1788
9.386898227603524e-07,1789
0.0011733894448298088,1790
1.7381580619257875e-09,1791
5.554293011300615e-06,1792
0.000741762462666884,1793
1.662804152147146e-07,1794
8.242295734817162e-11,1795
0.001107526369878542,1796
1.8189894035458565e-12,1797
2.8762769943568856e-11,1798
3.1030981517687906e-07,1799
0.0002088843502860982,1800
1.246106876351405e-06,1801
7.620521955686854e-07,1802
2.545456084135367e-05,1803
0.00020742888864333509,1804
4.337395353104512e-05,1805
5.275069270282984e-10,1806
1.3060491710348288e-07,1807
2.7438454708317295e-07,1808
6.164100341266021e-10,1809
0.0003894070864589594,1810
1.4512399957311573e-06,1811
4.4417618028091965e-07,1812
0.001849819747917536,1813
4.035834194837662e-06,1814
4.322445533944119e-06,1815
4.8203219193965197e-11,1816
2.467004378559068e-11,1817
8.630695447209291e-07,1818
1.4728236237715464e-05,1819
0.009512620142118067,1820
2.822176497829787e-06,1821
2.5048279894690495e-08,1822
3.623048121426109e-05,1823
3.677166660054354e-08,1824
0.00025971412242142833,1825
2.9937506042188033e-05,1826
2.8286245083108952e-05,1827
5.492395621331525e-05,1828
9.893028618535027e-10,1829
1.733034207518358e-05,1830
5.070626230008202e-08,1831
9.363131880490982e-06,1832
1.3303520063345786e-08,1833
1.1039549008273752e-07,1834
6.224910293894936e-07,1835
4.362846084404737e-09,1836
1.7056436263374053e-09,1837
7.993321560206823e-10,1838
1.7928414308698848e-10,1839
6.70822828396922e-08,1840
5.115907697472721e-12,1841
5.108502136863535e-07,1842
0.00022662470450995897,1843
3.4048230190819595e-06,1844
7.216385711217299e-08,1845
2.451802743053122e-06,1846
2.927626269411121e-06,1847
4.804556965609663e-07,1848
8.706414291737019e-07,1849
7.739799912087619e-10,1850
1.0684438734642754e-05,1851
1.8097708789355238e-06,1852
0.00011499869913222938,1853
1.5661148950130155e-05,1854
5.741055701946607e-07,1855
2.8957972517673625e-06,1856
5.952134756626037e-06,1857
1.1444254823800293e-06,1858
1.8843593352357857e-09,1859
2.048544604349445e-05,1860
1.0509182061468891e-05,1861
9.927479595717159e-06,1862
4.327745273258188e-07,1863
2.079550426969945e-06,1864
4.4837042878498323e-07,1865
1.2817871152037696e-05,1866
4.839178018301027e-07,1867
3.7630343285854906e-11,1868
1.144413772635744e-07,1869
6.252776074688882e-12,1870
1.3242538443591911e-07,1871
1.2756425917359593e-05,1872
7.958078640513122e-13,1873
4.547473508864641e-12,1874
5.384208634495735e-10,1875
9.303107617597561e-09,1876
7.550720511062536e-07,1877
4.3986301534459926e-07,1878
1.9326762412674725e-12,1879
1.1273210702711367e-06,1880
1.7034835764206946e-09,1881
3.25576365867164e-09,1882
2.3467737264581956e-07,1883
4.5752017285849433e-07,1884
7.122707756934687e-08,1885
3.637978807091713e-12,1886
4.1326088648929726e-05,1887
3.296918293926865e-12,1888
1.836539900068601e-05,1889
5.32402737007942e-07,1890
0.0016493667176291638,1891
4.436805056684534e-07,1892
1.7998138446273515e-07,1893
4.2518877307884395e-10,1894
2.3329198484134395e-07,1895
3.8090033740445506e-06,1896
0.0002340403426615012,1897
8.965276128947153e-05,1898
2.7514772682479816e-07,1899
8.09939137980109e-09,1900
1.8885666577261873e-06,1901
2.106253305100836e-08,1902
3.6897290556225926e-08,1903
4.010906877738307e-07,1904
0.00022473126955446787,1905
1.3952819699625252e-07,1906
2.0804691303055733e-11,1907
3.62753780791536e-07,1908
3.2060825105872937e-09,1909
6.099893766986497e-06,1910
1.4730062503076624e-08,1911
4.906519279757049e-08,1912
3.660716174636036e-11,1913
9.763812158780638e-08,1914
2.643673724378459e-08,1915
0.00010654586424152512,1916
0.002258517923337422,1917
0.0014601387713355507,1918
4.069875103596132e-09,1919
5.127276381244883e-11,1920
9.986633813241497e-07,1921
2.7745304578274954e-06,1922
2.8766294235538226e-07,1923
6.710934030706994e-10,1924
1.7689944797893986e-07,1925
4.013145371573046e-11,1926
0.00010852552384221781,1927
9.78843672783114e-11,1928
0.00013921189565735403,1929
3.524291969370097e-12,1930
4.0245140553452075e-11,1931
1.1337704108882463e-07,1932
4.705421588369063e-06,1933
9.239658993465127e-08,1934
1.1589236237341538e-09,1935
2.7918690648220945e-07,1936
4.265547920567769e-05,1937
3.179233624450717e-05,1938
1.043066561123851e-05,1939
3.063577798911865e-05,1940
4.899381872291997e-05,1941
4.2855310766753973e-07,1942
1.2988849675821257e-05,1943
0.0002604689567533569,1944
7.483823765142006e-07,1945
8.246030347436317e-07,1946
6.94626578479074e-11,1947
1.1377119335520547e-06,1948
0.0019605451116149197,1949
4.3451109377201647e-10,1950
1.031209990287607e-06,1951
2.921751729445532e-11,1952
8.85211193235591e-09,1953
3.661806999843975e-06,1954
1.7260139770769456e-05,1955
1.5162549971137196e-07,1956
0.00011617534289598552,1957
1.748591955674783e-05,1958
0.00017024089436290524,1959
8.121787686832249e-10,1960
0.00011679689089305612,1961
5.129399028191983e-06,1962
0.0002739899105108634,1963
1.936080707309884e-06,1964
4.957422106599552e-06,1965
9.140239853877574e-08,1966
0.0001243721535502118,1967
4.318903336297808e-05,1968
6.370257096932619e-06,1969
2.4513667540304596e-06,1970
1.1904135362783563e-05,1971
6.70720047537543e-05,1972
1.5825207810848951e-10,1973
3.1753188522998244e-08,1974
9.26814784634189e-05,1975
0.0001878806475588135,1976
1.9465765376480704e-05,1977
2.7992407581223233e-05,1978
4.022260429792368e-05,1979
6.685002063022694e-07,1980
3.084610773385066e-05,1981
8.692018127476331e-07,1982
7.78316575633653e-07,1983
4.320781954447739e-09,1984
2.3110417714633513e-05,1985
4.2793882244041015e-05,1986
0.00012516826052433316,1987
3.05639653106482e-05,1988
2.759153403530945e-07,1989
0.00012481052544899285,1990
7.767584975226782e-08,1991
4.2270744415873196e-07,1992
0.0003811969552316441,1993
0.0005489551202799703,1994
2.2413567535295442e-05,1995
1.9257754502177704e-08,1996
6.905589145844715e-05,1997
2.586546088423347e-08,1998
5.011112352804048e-05,1999
3.168452167301439e-10,2000
