ZL,seed_num
-0.08474748379831551,1
0.1886506228759805,2
0.7353276877337693,3
0.5276985672517067,4
-0.131057558626701,5
-0.4347051317599504,6
-0.4152258524581439,7
-0.2902952380409026,8
0.09535267857861628,9
0.7111257514475464,10
0.8023531699750669,11
0.1044382095822635,12
-0.4503103489214871,13
0.7712632075173641,14
0.6411336960512412,15
-0.1705627308000215,16
0.42855613454631203,17
-0.09238152146639464,18
-0.3085640632372174,19
0.5272772080443644,20
0.3865202789748494,21
0.1259371055864677,22
-0.4603431564616283,23
-0.5336336865429849,24
-0.04476607290694229,25
-0.2588709274617176,26
-0.150560542108927,27
0.7614437083882178,28
0.2766302726144531,29
0.3513762580195361,30
0.8248221443374689,31
-0.2610792263176269,32
0.5850741090130316,33
0.7058366453730313,34
0.6742099598849396,35
0.5197508432427241,36
0.6682459901040637,37
-0.4093190455830909,38
0.7763662188782305,39
-0.1723281592180493,40
0.8176968053081437,41
-0.3585471290102746,42
-0.4736094532775229,43
-0.1989659676192775,44
-0.1134518540769714,45
0.8241180678996323,46
-0.2197030973290499,47
0.512670414206899,48
-0.3262005950410317,49
0.2557765964082633,50
-0.3914737830801321,51
0.4308350898701198,52
-0.02333714851414044,53
0.7791888584576795,54
0.1652705208515606,55
-0.3101206414348647,56
0.6109461883189865,57
0.7065928180048177,58
-0.1474537025297069,59
0.6817663130812761,60
0.7052003946510009,61
-0.059469595515320425,62
0.7584997875270949,63
0.7454572350598587,64
0.4616665270907478,65
0.3987355291241703,66
0.6477224232281033,67
-0.2972222419548214,68
0.8397504233171516,69
0.5402394527286069,70
0.6927191950167897,71
0.7404632560272094,72
0.7088797360662088,73
-0.08242410158838244,74
-0.3152979627816767,75
0.4589144963555595,76
-0.1976664986558248,77
0.8560769600155436,78
0.6455113004267746,79
0.1176334945820713,80
-0.3908603653468379,81
-0.2696879797127845,82
0.3694008682123444,83
-0.405713539171532,84
-0.4958971905207385,85
0.4363131503900864,86
-0.2070335166786063,87
0.774723643300053,88
0.7985194695676717,89
-0.2950238034265019,90
0.34927920370469706,91
0.6775223106684358,92
0.4989028552841914,93
-0.4142452807857672,94
0.5127638574964956,95
-0.2514886336443413,96
0.4266505404154506,97
-0.1068563051978209,98
0.042784068016766014,99
-0.2560291474991349,100
0.5445977242663267,101
0.4898985613550257,102
0.7590714942301001,103
0.49262994299698204,104
-0.113442710699963,105
0.8069899742053128,106
0.8072181293365256,107
0.8473143515538258,108
-0.5715558458176769,109
-0.2565630423878181,110
-0.4059179845128332,111
-0.0854072716940169,112
-0.1248992939389063,113
0.2398594481862525,114
-0.3614404120108753,115
0.4331682558039431,116
0.7617921901036757,117
0.6761700606216194,118
0.1479785915931024,119
0.3431706919286137,120
0.017673642756289982,121
0.2934353278596479,122
0.5652312442336875,123
0.4961152882141803,124
-0.09686888384777824,125
-0.1998282291733602,126
0.7395185527372633,127
0.5246089732002636,128
0.1908854560857127,129
0.7849758249157581,130
0.5635571275552248,131
-0.4218357432728819,132
-0.0152668099269596,133
0.3331844487256908,134
-0.4784772656801234,135
0.4965902641570201,136
-0.3106932023104318,137
-0.1398166511656188,138
-0.4614031348896753,139
0.7743155239360549,140
0.1251913869990654,141
0.6307242641821591,142
0.3265359003184545,143
0.4509809987532687,144
0.7362111324623826,145
-0.2641095484911425,146
-0.4222668061561571,147
0.5553252373836524,148
0.1785169533066842,149
-0.46126514472644103,150
0.2079113893921054,151
0.1927940151748735,152
0.7883488132428661,153
0.6887754577403964,154
0.5776071995941465,155
0.7663665283252274,156
0.5433365432997828,157
0.6338975605603447,158
-0.4315884630538735,159
-0.4131633836422841,160
0.4285323707313253,161
0.4933032633145926,162
0.08243816427807188,163
0.6766582588492717,164
-0.005303859772964662,165
-0.3245095103961475,166
0.4863272547161568,167
-0.3647598676362103,168
-0.09818657453506356,169
0.2243979891986334,170
-0.3882824236765346,171
0.7320720341331831,172
-0.2634174952276501,173
-0.03723570395613097,174
-0.005489927383020368,175
0.8344014355656858,176
0.63975313430879,177
0.8132810469022858,178
0.1490653437948494,179
0.6036984972904544,180
0.1588939088541604,181
0.1874162539558181,182
0.8028671552093941,183
0.4021130966693672,184
0.4519961482012252,185
-0.3082812227139387,186
-0.06557182472746922,187
0.01388946799238205,188
0.5671296166497674,189
0.2121016791616532,190
0.3847798574680061,191
0.8210985647138966,192
-0.4348263134390011,193
0.2315191645481502,194
0.7263378432109932,195
0.3358114027035485,196
0.2183138468189571,197
0.4831689586746305,198
0.5883501022438848,199
0.026339461372385967,200
0.6002856790426039,201
-0.4941847825950203,202
0.1400475996385874,203
-0.2218112187758673,204
-0.1296785101045894,205
0.6955798420206156,206
0.41485296753475703,207
-0.1667352588095564,208
-0.031518654963848834,209
0.2361746987532463,210
0.7173831871908454,211
0.3702063052024481,212
-0.5181045517747336,213
-0.34636539559102303,214
0.09208989561492116,215
0.5489697277423298,216
-0.153727622516642,217
-0.3863049098693576,218
0.2058248006922701,219
0.5311146760000818,220
-0.19451667830253896,221
-0.2846125696106342,222
-0.3657025265821185,223
-0.33132076072542604,224
0.1998460737731797,225
0.3599441641892268,226
0.2180773417247273,227
0.303910063463783,228
-0.2569031351880453,229
0.6497737243382062,230
0.4547610157044527,231
0.7573735005623775,232
0.6825468219943656,233
-0.3482075874261985,234
0.8006716479613166,235
0.7640924914624181,236
0.5326766876607132,237
-0.1986332436728374,238
0.5226482129567491,239
0.6811202568729388,240
-0.2089267330155584,241
0.3340471189236621,242
0.7103001296242537,243
0.5053822094640892,244
0.7797571684986953,245
0.6412201643764889,246
0.764984683137537,247
0.1082219169381371,248
0.3952964870517355,249
0.7515447577703429,250
0.762799222311692,251
0.6653079592527273,252
-0.5182859915764986,253
0.3126360312324504,254
0.2334371733587648,255
0.7815701142764507,256
-0.5957117159570504,257
-0.3495684397066567,258
-0.4519101034102803,259
0.8160323430853711,260
-0.2764490332052115,261
-0.4658166393637843,262
-0.334410033605578,263
0.454311078764351,264
0.7242655712141324,265
0.755935199411983,266
-0.1705764191283956,267
0.07790302167763716,268
-0.06887084677387614,269
0.7387362754528003,270
0.5056733452167386,271
0.4950911677596075,272
0.6041753189947532,273
0.34707582885959803,274
-0.3821118335183592,275
0.8404289203783698,276
0.2232254824579559,277
-0.4104037552307499,278
0.1961919457011653,279
0.5692877303262901,280
0.723506752461837,281
-0.2865360344511131,282
-0.3511915311955522,283
-0.3671791222858625,284
0.5135122803835406,285
0.01634061045399483,286
0.3483861408171073,287
0.7658619681168692,288
-0.5343421436155766,289
0.4123949731071651,290
0.7539487836963776,291
-0.39125659099481297,292
0.3577723913606002,293
0.6796184633095121,294
-0.2050843554493291,295
0.08658355517769523,296
-0.09426045452370717,297
0.5211240566712665,298
0.2783389215806271,299
0.2277351505383843,300
0.1293970469858972,301
-0.09963109830579693,302
0.6646349257038298,303
-0.3981689669950481,304
-0.2610193736741891,305
-0.4017100905216536,306
0.2043939506543548,307
-0.2874084137443174,308
0.6493112240617713,309
-0.2279095113979284,310
0.5616083486787484,311
0.1927899171204663,312
0.4229120272883689,313
0.09341293225516506,314
0.06421276118952379,315
0.7889153873088226,316
0.061784691118507075,317
-0.2656081702361911,318
0.6885509042316345,319
0.6925105046288226,320
-0.06383215436547646,321
0.7257639141283787,322
0.6174314846634585,323
0.4051816940394565,324
0.6059438263650702,325
0.7837871632267271,326
0.6336888626914106,327
0.7485543768790074,328
-0.2676622130180285,329
-0.3744707913929572,330
0.5626716139313583,331
-0.2650517878693092,332
0.09858298042113116,333
0.6488940341871565,334
-0.04686282916265283,335
0.7962807601176423,336
0.7534481942348691,337
-0.1752779506295762,338
-0.2488221379684656,339
-0.4781036470600354,340
0.0180175665889152,341
0.7820497061182231,342
0.5019890720675637,343
0.3942145569421966,344
-0.4029940518386163,345
-0.08354504490890782,346
-0.07104858876330891,347
0.8434052693519541,348
0.1807666921096196,349
0.1763727908917197,350
0.2647389680763928,351
-0.4054827803278064,352
0.7360327282298982,353
0.6911218685278002,354
0.7249319940203159,355
0.7889470470898554,356
0.7085394784812835,357
0.6273353348423989,358
0.7360544708591541,359
0.6418244425197128,360
0.5075953408783124,361
-0.3486773912645985,362
0.7641381289097919,363
0.7204237344215326,364
-0.3896101863955745,365
0.7531832964665612,366
-0.0003740312559516023,367
-0.446697250183942,368
0.2775239627804184,369
-0.2232227939770108,370
-0.2881036207277078,371
0.7903685011352195,372
0.532443146293775,373
0.01441168433867683,374
-0.3732787401560457,375
0.4978586466880334,376
-0.4462633928991868,377
0.6787711944395834,378
0.8003014907791081,379
0.5242657455384785,380
0.8178323978073366,381
-0.5138623181853608,382
0.1541601069183467,383
-0.036393145083039286,384
0.8295362681608474,385
-0.2280425094003629,386
-0.2555225009782393,387
0.4778616205695079,388
0.8532394136840084,389
-0.2753579186068342,390
-0.33359569859064897,391
0.5205893025256639,392
-0.4423440494481694,393
-0.09314286128586502,394
0.1336704310149759,395
0.08772563991137056,396
-0.2709915568405363,397
-0.5260993700038827,398
0.7332746212251264,399
0.2474583848051787,400
0.6815573043814644,401
0.03009237401896016,402
-0.09108224692361784,403
0.5191800144969023,404
-0.1029144765695098,405
0.7641708604193531,406
-0.4982185268861933,407
0.057172999182443035,408
0.7101011555292642,409
-0.049584738871339434,410
0.7582815512762241,411
0.1410425426172975,412
0.07907917593609312,413
0.3772218517455706,414
0.7575805544547927,415
0.7288544160132276,416
0.6215570232095244,417
0.2810811073809741,418
0.7399380983509094,419
-0.6321469070303262,420
0.2082109155011589,421
0.7751780779987288,422
0.2123848376970009,423
-0.245874075148061,424
0.6426493617490825,425
-0.1181400273550513,426
0.598163793753651,427
0.7908350607965308,428
0.2218116099426798,429
-0.021305320567173158,430
-0.2157487599286196,431
0.4021756942556249,432
-0.523910477981952,433
0.7642883832724405,434
0.02054032363231369,435
-0.1873923979572051,436
-0.1452208589846467,437
0.7307240331434257,438
0.2546807275331636,439
-0.10027426180651199,440
-0.08920815904389473,441
-0.2796656014301568,442
-0.1503467179456197,443
0.5280036091834199,444
0.533026914152803,445
-0.4840449670309266,446
0.6768203118087849,447
0.8217225650721279,448
0.7273046375936087,449
0.7440629359929362,450
0.4898898526005887,451
-0.4397936792530578,452
0.4974411771694909,453
0.4779283910482224,454
0.7613520988798792,455
0.8313395696464686,456
0.7328386711823158,457
0.3021003088519995,458
-0.4256075414848006,459
-0.09459056837016386,460
0.5013466393592121,461
0.8272800888765844,462
-0.2383335982523088,463
0.7969183667232171,464
0.7760564208005528,465
0.3148287548936595,466
0.7539920861271001,467
0.5271556014377892,468
0.7440510872164705,469
-0.08329115384521257,470
-0.01184732158302732,471
-0.4726747830761699,472
-0.3338784435688819,473
-0.07895365486777495,474
0.2077820992216619,475
0.8198588702189451,476
-0.1921454664191622,477
0.7133744307367658,478
0.3908453728788407,479
0.1119619518798352,480
0.7283075440652675,481
-0.3700967105233262,482
0.4016721294132882,483
-0.2996939000670913,484
0.5553898258737533,485
-0.04222035307474273,486
0.6841103419848464,487
-0.4618185042713573,488
0.1366077976081671,489
0.4665299809129657,490
-0.4102012740114674,491
0.7501567309363684,492
0.5534770964996178,493
0.6270562465671237,494
-0.05992008678144078,495
0.7259229825899699,496
0.5737009268074122,497
-0.5137951523883372,498
0.49817776867787605,499
0.5747924659406409,500
-0.2185854974915793,501
0.6175942010473571,502
0.2047789837811662,503
-0.3514750614291969,504
0.6888534450247626,505
0.2706349437100605,506
0.7358154159997184,507
0.3533194964677229,508
-0.02734949188338232,509
-0.3666862572476077,510
-0.3770351158796258,511
0.5973628040628601,512
0.5963004013269688,513
0.4059456522716841,514
-0.016436454904295808,515
0.1373730837356514,516
0.783915112708323,517
0.5791992053123857,518
-0.4946637057164661,519
0.3729245656081072,520
0.1940856457712056,521
0.5579255699525955,522
0.3974968832871315,523
0.03224795983158277,524
-0.5634003574954701,525
0.7458428768838982,526
0.6951024152242167,527
0.4885918773981532,528
0.6205719753102079,529
0.485150341872142,530
0.010164851067512791,531
0.6989425785919924,532
0.5928558703314797,533
-0.06715339624174434,534
0.4580875505973938,535
-0.04931045334299853,536
-0.44819833610554705,537
0.1376574485756378,538
0.5770866855106489,539
0.7672162920929334,540
0.6425385892825339,541
-0.1764438732495291,542
-0.1747490497755391,543
-0.1570600061779689,544
0.4499164450590734,545
0.2271119239348681,546
-0.4988889465164978,547
0.151842352820185,548
-0.1683388898520089,549
-0.30305615232557104,550
-0.2333453137263865,551
0.02618087724310986,552
-0.2657949524418619,553
0.2218694486406934,554
-0.27058945058781403,555
0.6110290496113695,556
0.8344490068903283,557
-0.4128366105716428,558
0.3244926691984428,559
0.36336397724444003,560
-0.5460539711499611,561
0.00299481864829172,562
0.7943721058159487,563
0.2340451763002218,564
0.6264815339845781,565
0.05231857409728219,566
0.7110274129569508,567
0.7409695380452799,568
-0.4285774930500252,569
0.44707862174376206,570
0.7187397370099475,571
0.6505725314735143,572
0.7586956177995419,573
0.5911355957250529,574
0.4613590753261125,575
0.5468828854131723,576
0.7466020372314006,577
0.68377795135799,578
0.7583798336387011,579
0.5532113665621657,580
0.2239506550273066,581
0.7764573616944803,582
0.5200969834426146,583
-0.1657091485831005,584
0.3047973066190767,585
0.1400522333630941,586
0.5897362614976951,587
-0.1017997721434002,588
-0.1084594465124116,589
0.4246742569865509,590
0.756879511628765,591
0.6219013629038652,592
0.6896392258767325,593
0.6120934651263366,594
0.7055959615351903,595
0.4556339964940066,596
0.6030937282323015,597
0.5084227756888352,598
-0.09961392677739188,599
-0.06620514398548627,600
0.8016013841450821,601
0.09058978313273587,602
0.2868628683702703,603
0.3806019909051208,604
-0.2064119490917022,605
0.3495971842395175,606
-0.08486398565976823,607
0.6729178626561687,608
-0.06830253962383506,609
-0.2135277634252856,610
-0.3883623768421784,611
0.2131501571794155,612
0.2057402189318013,613
0.5772400341605382,614
0.5746859789019063,615
-0.651401086301753,616
0.5094160446790107,617
0.7757971918112754,618
-0.3760302674606188,619
0.6820050652059089,620
-0.4676510699469582,621
-0.3157306335725727,622
-0.1497080394145943,623
0.2631776876948816,624
-0.4481659911005696,625
0.6002726201439291,626
0.6552046188523453,627
-0.2475365026878557,628
0.06490297873880414,629
-0.3288556970767981,630
0.1691950352370133,631
-0.4240650233717206,632
0.3985986699604491,633
-0.3338503731608528,634
-0.08639193254366423,635
0.3911113700571787,636
0.6224416063620198,637
-0.02273776308056712,638
0.5381867222039006,639
0.2019152662828782,640
0.7414771926073437,641
0.08822973913483609,642
0.4675070643220847,643
-0.3080195712190771,644
-0.2822250477390444,645
-0.03258265811988936,646
0.73591108838339,647
-0.06655711159026277,648
0.3123392028522572,649
0.4557724194558376,650
-0.4972250944015565,651
-0.3838746208686569,652
0.2857413362714159,653
-0.1498724431182844,654
0.1203369177466199,655
0.7729837815364411,656
0.2285667774949715,657
-0.05739229798430565,658
-0.2318046090669345,659
-0.1867723289793708,660
0.08930550222021917,661
0.2537635199243565,662
0.5150560517979867,663
-0.5257249973917868,664
-0.3442019299798008,665
0.3987836886267503,666
0.09907227433749756,667
-0.2591314199164736,668
0.5938454271032381,669
0.7246213037671501,670
0.4926416687794549,671
-0.3808986384508399,672
-0.1593798955722521,673
-0.5435439845492119,674
0.6677074028167278,675
-0.2879936459381908,676
0.7491850057152799,677
-0.1441692663072043,678
0.6225409069633704,679
0.6183839867955089,680
-0.06501586658670311,681
-0.3898286003655899,682
0.5469520941803154,683
-0.1586719136582183,684
0.4502458932532656,685
0.3022263906981047,686
0.5580958787474124,687
-0.30692695084984695,688
0.4234653843310915,689
0.3796474813894907,690
-0.4137217813487146,691
-0.1240497026224877,692
-0.1851055561033294,693
-0.1106231727162738,694
0.4627140256751402,695
-0.3687891918012715,696
-0.4139115705745329,697
0.506659109031316,698
-0.1854309734802157,699
0.4957518572777291,700
-0.01944096663668255,701
-0.1017533316296316,702
-0.3275861317185892,703
0.4545364508303989,704
0.2213394367867618,705
0.7907454044033113,706
0.7883846773522578,707
0.8395320915487676,708
-0.1765293011208613,709
-0.1250275982557618,710
-0.3239826692627993,711
0.3259655110575789,712
0.2808101635495701,713
0.604373156376119,714
-0.5549226341080187,715
0.5424803015147999,716
0.417501994621334,717
-0.008551466638558623,718
0.3894392740715474,719
0.5125130110259665,720
0.05249943134042533,721
0.7171878261828897,722
0.7064462837990659,723
0.8123719766859392,724
0.6417772437510108,725
0.5979127390821176,726
0.03780959321319464,727
0.56837337520465,728
0.1171669892474286,729
-0.5255463102304971,730
-0.2157141772493688,731
-0.5608996017958229,732
-0.2182638817311613,733
-0.5742275247619366,734
-0.3314864827364899,735
0.004123980322913025,736
-0.08746881532443765,737
0.4313038299360321,738
-0.1797272451719924,739
0.2263113507602304,740
-0.2137492527350789,741
-0.3316425102080806,742
-0.2427631512808703,743
0.6801160782398163,744
0.7228769246792448,745
0.7627147438525075,746
-0.3600166006886618,747
0.7469749209375863,748
0.6652999204590583,749
0.4574216096487235,750
0.6865360554508999,751
0.7558151772035504,752
0.7813850962134002,753
-0.2907466450721975,754
-0.4233331292138482,755
0.044968265917762935,756
0.4976868776425634,757
-0.06946186892180163,758
0.3341196998332066,759
0.7156827420003911,760
-0.5673532025339726,761
-0.3231145499465843,762
-0.1099225441952033,763
0.4225597459228506,764
-0.314553257247352,765
0.8497033403855984,766
0.0904615743726324,767
0.4266342279531098,768
-0.2745485616989353,769
0.2021920507115829,770
-0.1473857662777409,771
0.1874635655354359,772
0.473602636955771,773
0.5650774722436522,774
-0.1096506711262764,775
-0.06708932651205435,776
-0.532872605472109,777
0.7209495272807971,778
0.7767068461576401,779
0.017124868514635933,780
0.2540540542326645,781
0.7291055953300455,782
0.6921999521594973,783
0.4222738473255964,784
-0.4801375571920208,785
0.3397797214126257,786
0.7991491579969489,787
-0.05199623068044888,788
0.3593753590928783,789
0.8245723838949033,790
0.7200601085811739,791
0.6358967243260246,792
-0.1776692664046982,793
0.1326206628157892,794
0.7131680454353206,795
-0.3584118857976965,796
0.8030427566935556,797
0.7675559892362231,798
-0.2105628767910054,799
0.6048596215968931,800
-0.01061074609989136,801
0.3475845979598553,802
0.5312629432043684,803
-0.1388336637668957,804
0.42360401531417896,805
-0.4232606921275304,806
0.5447842843739749,807
0.8225578407597798,808
-0.2031948811332259,809
0.5189815024513986,810
0.5092026903197504,811
-0.2008551305542181,812
0.6939913176085674,813
0.3537398613386681,814
0.1839983274243509,815
-0.002730007384101716,816
-0.1201408862513717,817
0.35822680686248204,818
0.4193062341728518,819
0.8206661242148622,820
-0.2256379209011323,821
0.6734735435755899,822
-0.2456308921782449,823
0.2360743815450034,824
0.6036109133644905,825
0.7180112391179472,826
0.7815803362750482,827
-0.2420638726278392,828
0.4971237258773386,829
0.2456868381096986,830
0.7402428648481466,831
-0.1312574635398047,832
0.7402245113819893,833
-0.2166548592788712,834
0.7697963150303777,835
-0.057670116974634936,836
-0.4055036950470646,837
-0.463590941627133,838
0.6296788604761439,839
0.1712999158090381,840
-0.051361487966987564,841
-0.2405132339561684,842
0.7440180626226434,843
0.6809166831357658,844
0.7069982559676932,845
0.3982948648169076,846
0.8118675154352298,847
-0.5965888401188063,848
0.2661456570982158,849
0.6072526735444953,850
0.3473312328610851,851
0.5006275013466817,852
0.6214471718468384,853
0.8220685272505586,854
-0.2145618410034522,855
0.7588728394629769,856
-0.2790871942782943,857
0.1142290468048215,858
0.679602733593639,859
0.010462828743308,860
0.6849314762893595,861
0.5921520171043411,862
0.6288491104684277,863
0.7033402639683913,864
-0.02565667718634022,865
0.7435551329051426,866
0.4574775738637145,867
0.1501955474327641,868
-0.1388537092598695,869
0.028986691038257836,870
-0.4899510767513391,871
0.06903312235099432,872
0.680014483243017,873
-0.3828931224562572,874
-0.1689808354584362,875
0.00806389835379318,876
0.5713274725040416,877
0.3316206442997541,878
0.6759235483192634,879
-0.06980266339535544,880
0.4921675056959847,881
0.4092555974079195,882
0.2735983096105559,883
0.4180338857251084,884
0.8236841750951945,885
-0.06881086067743546,886
0.3092870451192415,887
0.7740617837041097,888
0.09737182823125748,889
0.7722451326521295,890
0.1371389555653314,891
0.8127208892827151,892
-0.3036444910607101,893
-0.2426748863002013,894
0.7910747679054091,895
0.8073813374425008,896
-0.2254806580885618,897
-0.3973691324531718,898
-0.0544674113552721,899
-0.2385090023037857,900
0.04358916333000882,901
0.7285031907538331,902
0.01960811522305371,903
0.3727082626463964,904
0.5500095628212931,905
0.3591456809826277,906
-0.4207005345361889,907
0.7709262114192179,908
0.7406147744223887,909
0.5397446222215151,910
-0.03632283547860368,911
-0.3983128284508817,912
-0.07159181941649871,913
0.4794441740337108,914
0.1230955956825718,915
0.6502567585869394,916
-0.5137644818251704,917
0.1205219917110722,918
0.7305724155964991,919
0.6366377184458575,920
0.2672167306129682,921
0.1208532151356021,922
0.0362952214341957,923
0.5749455737236531,924
-0.4076717179589517,925
-0.5884629395463973,926
0.7988717767093456,927
-0.2781388847398529,928
0.4973673298624872,929
-0.3487379831961552,930
0.15418804458326502,931
0.08570320701505862,932
-0.2474556147937857,933
-0.3792409724540267,934
-0.4253725312868193,935
0.6631232204997222,936
-0.255426773898184,937
0.6008121383592935,938
0.3590830716915356,939
-0.2103225970721464,940
0.2343677475607631,941
0.02791928776938923,942
0.8544732733340259,943
0.7766188508893186,944
-0.03812559365741719,945
0.7514148553969914,946
0.7381105434639286,947
-0.1588688296257798,948
0.6620305217938556,949
0.5868014072065458,950
-0.2328489163970169,951
0.6990707352794386,952
0.6789493423190419,953
0.04883035082170917,954
-0.3422320008950468,955
0.2696306536419403,956
-0.1300713365305473,957
0.6514422783467989,958
-0.5159496684471445,959
0.6409469891398188,960
0.7926399878865987,961
0.6694189705410086,962
-0.3653638196246134,963
-0.1263040862933166,964
0.23357785117979396,965
0.7029189763047237,966
-0.6461739417456391,967
-0.3343678615896373,968
0.564581672432085,969
0.8119074200089704,970
0.7355801611678907,971
0.4789762756838659,972
-0.06989442452340677,973
0.6741383060351301,974
0.026568505806445382,975
0.6705774994942291,976
-0.3534002316140155,977
-0.2443911043351713,978
0.4812459330550325,979
0.4440963509441552,980
-0.014675598273008019,981
-0.1928784542278565,982
-0.3853217096624149,983
-0.1690300079172054,984
0.4390800228852664,985
-0.1153337815285956,986
0.07084087526859081,987
0.7302047819319298,988
-0.2656335640020133,989
0.6395240941802656,990
-0.1587052880122766,991
-0.3073049254888416,992
-0.1449249169557407,993
-0.1312726522272934,994
-0.1378792495905845,995
0.4635028592040832,996
-0.4396744697553905,997
0.544995908596364,998
0.1195991971667427,999
0.2715837332807209,1000
0.7219016850923164,1001
-0.4136294079436665,1002
0.4833558161557972,1003
0.4843012185489328,1004
0.4772065916252214,1005
0.012743742493070821,1006
0.3665761103522173,1007
-0.2052742297211485,1008
0.537539017573361,1009
0.1049558106494029,1010
-0.1167882225079106,1011
0.5903643872589885,1012
0.1442831678322321,1013
0.028432503129078912,1014
0.749026968481527,1015
0.6684606117413382,1016
-0.2238726885020637,1017
0.08691202777674738,1018
0.3600649240441792,1019
0.8375062383542673,1020
0.8141433671204719,1021
0.7251256844195275,1022
-0.0367391857127134,1023
-0.4286478707671398,1024
-0.3418383841425582,1025
0.32105014823657396,1026
0.4370988792594435,1027
0.4127885123371017,1028
0.5756663736594726,1029
0.5125704636315263,1030
0.6729649926748866,1031
0.7440230004005544,1032
0.6564063647727889,1033
0.1567864178546247,1034
0.512959534853699,1035
0.8287339232749897,1036
0.4773529624305975,1037
0.7498558656436884,1038
0.09036006535640492,1039
-0.5387151212710336,1040
0.3829711669782276,1041
-0.1593342502414251,1042
0.6764063378768931,1043
0.2184043855917058,1044
-0.528698391475038,1045
0.7797129820379242,1046
0.5937944548333185,1047
-0.02951501095907597,1048
0.7683567729567131,1049
0.5741948688655241,1050
-0.2842225709131412,1051
0.07775840996138593,1052
-0.1107538705894709,1053
0.2914146565558441,1054
-0.4277240470581468,1055
0.0985107812935374,1056
0.07245933666746189,1057
0.7913453006543709,1058
-0.2345748238838621,1059
-0.5605820341115056,1060
0.5555102721876597,1061
0.01013614908709071,1062
0.392854809132635,1063
-0.42140938430150104,1064
0.01177032535817203,1065
0.6864760867504329,1066
0.184458316192656,1067
0.4557564476496405,1068
0.8484141484106931,1069
0.7268351421213675,1070
0.1954509907110762,1071
0.5971216086334732,1072
-0.2703634607549372,1073
0.6804646715392026,1074
0.2457813482536072,1075
0.6282145737419369,1076
0.4193539990921491,1077
-0.323948686247024,1078
-0.1947000036175587,1079
-0.06411097734911073,1080
-0.4530650430306973,1081
0.6443824686151087,1082
-0.2306269873465543,1083
0.7432579418324937,1084
0.0242298409536031,1085
0.7998499623009416,1086
0.6756715303031864,1087
0.8435921752907526,1088
0.7616182618874558,1089
-0.2020333058618715,1090
-0.6052980656954122,1091
-0.4832444907281592,1092
0.3116157138092141,1093
0.776846462293742,1094
-0.1197590415976928,1095
0.6798797650227703,1096
0.2113369476100994,1097
0.7935945942395689,1098
-0.3861953908898881,1099
0.32009302853059196,1100
0.1120339998106601,1101
0.23388783770528,1102
0.061899355057728624,1103
-0.1277830878437008,1104
-0.2034564267250795,1105
0.2699148178196807,1106
0.05701095962716311,1107
0.5436759238494024,1108
-0.1903047414197515,1109
0.7973637497383065,1110
-0.5664130905697309,1111
0.5603184013425206,1112
0.797472930893285,1113
0.6012804868367909,1114
0.4638632513250535,1115
0.1617307192950819,1116
0.6396105225777249,1117
0.5188593834764198,1118
-0.05006908567591176,1119
0.2481459258783321,1120
0.7306907085128106,1121
-0.06764397298609001,1122
0.7165841315791174,1123
0.7519956779798587,1124
-0.4732816342296771,1125
-0.4386050493348273,1126
0.5485627303851963,1127
0.1353453676659163,1128
0.3084123380350808,1129
0.4122432368720094,1130
0.7715177355146905,1131
0.3678454664525769,1132
-0.5041700661875761,1133
-0.3482398128293851,1134
-0.4187962330690183,1135
-0.05916513367654881,1136
-0.1228745491283474,1137
-0.4933366408638182,1138
0.6849285162075747,1139
-0.4657730829984799,1140
0.1996055365017249,1141
0.06806145348097901,1142
0.797376888911739,1143
0.4107549798096631,1144
0.5043421334996969,1145
-0.510997265023483,1146
0.6188850482140573,1147
0.5290344968397094,1148
0.6894740871472002,1149
-0.6433963472228817,1150
0.5894837152805277,1151
0.5947440729701339,1152
0.7091241998312439,1153
0.012405250943819309,1154
0.7600481366234453,1155
0.4373861247572427,1156
-0.3137329034792742,1157
0.5066822111576946,1158
0.5876121536934815,1159
-0.4758513362452349,1160
0.3525367525208069,1161
0.7927310037543288,1162
0.750644488128154,1163
0.7707203917787694,1164
0.7929992490653055,1165
0.7385895637011921,1166
0.6121230049052271,1167
0.7115773217490421,1168
0.033821714167957165,1169
0.6713250055128489,1170
-0.1136749003183728,1171
-0.3929439550024338,1172
0.1074982962983964,1173
0.2942663286374082,1174
0.3724384027709512,1175
0.7592691931323017,1176
-0.1528061464650281,1177
0.057881546971170726,1178
-0.4468475135784255,1179
0.3479786916606597,1180
0.5429043181313636,1181
0.8022365536347562,1182
0.7584543203824181,1183
0.3090412927417541,1184
0.8244538565205448,1185
0.7995581933159599,1186
0.2815619614058547,1187
0.6063396334436504,1188
-0.550396857252798,1189
-0.6446106129939071,1190
0.4866377109450502,1191
0.8181949979294805,1192
-0.2542722213274841,1193
0.6132763941166453,1194
0.7891773153060797,1195
0.5949425546116268,1196
-0.006312504380177431,1197
-0.1580019919924857,1198
0.7416999996407748,1199
0.689216467912589,1200
0.3745258356814629,1201
0.031228308629984818,1202
0.3876862325758184,1203
-0.6041174838675795,1204
-0.5658222908130468,1205
-0.1405803882785042,1206
0.5583145092170586,1207
-0.3358391993755176,1208
0.7796990623612423,1209
0.7347290388715177,1210
-0.4720727746966166,1211
0.1558145652877446,1212
0.588855341773918,1213
-0.3131095613112161,1214
-0.4827038482739847,1215
0.7243751624886235,1216
0.5701950754078897,1217
0.5391564758946851,1218
-0.2791125131244329,1219
0.263720952014397,1220
-0.3425758427093852,1221
-0.4294974392433937,1222
0.4670352307193253,1223
-0.5346394056103003,1224
0.5010848070140339,1225
0.753613826816501,1226
0.6539437915373881,1227
0.5849625270558757,1228
-0.3776653186497437,1229
-0.2712793523016128,1230
-0.1406688109324936,1231
0.5663210640325482,1232
-0.5071563706838601,1233
0.3312013051300902,1234
0.6607256421786274,1235
0.6583664093645265,1236
-0.3605078207295845,1237
0.7799376984069715,1238
0.5835760482422756,1239
0.7898633403319443,1240
0.7047890814188374,1241
0.6235149569067102,1242
0.8143732588020889,1243
0.03049212334030258,1244
0.7105196505617025,1245
0.7108248052312423,1246
-0.3336885536927599,1247
-0.6739651737225985,1248
-0.2721670597259122,1249
-0.3600500164134761,1250
0.2332060247603065,1251
0.5689166224202253,1252
0.6513374279868749,1253
0.05493055767386388,1254
0.6151727611018921,1255
-0.004571120921682797,1256
-0.553127954530444,1257
0.1827090160625695,1258
0.3211091405418085,1259
0.6385643718146814,1260
0.8402893475926639,1261
-0.4874188094871317,1262
0.2007769599385815,1263
0.6581777184851271,1264
0.2904315642920113,1265
-0.09845158139773423,1266
-0.1177236803297925,1267
0.6515797692917368,1268
0.4409895549081789,1269
0.2210710317118778,1270
0.1934567141111329,1271
0.3189921274075994,1272
-0.3015349616949177,1273
-0.4179154780162972,1274
0.2431991541042833,1275
-0.2977427854910702,1276
0.6201115129122828,1277
-0.2132767554054185,1278
0.7101943415339218,1279
-0.03814693588183658,1280
-0.1739713672696323,1281
0.7433002079024168,1282
0.09758590999732357,1283
-0.2703424636050174,1284
0.3511608985016939,1285
0.3609718561375165,1286
0.5805189854764635,1287
0.546110110186153,1288
0.6788835890393036,1289
-0.3112197088321228,1290
0.3697546019916527,1291
0.724246341314047,1292
-0.2396080577530268,1293
0.6394629345020658,1294
0.7615734532938394,1295
-0.2735091981286005,1296
0.002018454113250273,1297
-0.1255900202366994,1298
0.5835302705181529,1299
-0.5874503458881187,1300
0.3217321416910835,1301
0.7498459383663552,1302
-0.4808392535592815,1303
0.6701747304953034,1304
0.53633199224422,1305
0.4081879079091339,1306
0.1920796578224748,1307
0.6193257907757719,1308
-0.09190108604414762,1309
0.3377365021275775,1310
-0.3154640968725351,1311
-0.1456398739003865,1312
-0.5420606814042126,1313
0.7081881619692758,1314
-0.18329521463495002,1315
0.1764249475108327,1316
0.438684501822328,1317
-0.09339535470856444,1318
0.6168273604901449,1319
-0.1193387808627662,1320
0.07365833285001386,1321
-0.4220696473432141,1322
-0.2674938426459579,1323
0.7595895232472119,1324
0.6731067254362435,1325
-0.1796829880838975,1326
0.003779668171433328,1327
0.40570538569269105,1328
-0.02895552838095912,1329
0.4896344594573077,1330
0.4972726176142751,1331
0.46958771926056,1332
0.3494132929930371,1333
-0.3245703272121472,1334
0.1123258968906745,1335
0.6634540149660539,1336
-0.3177309190867349,1337
-0.3071741986363848,1338
-0.6183202919804236,1339
-0.1522279387945117,1340
-0.5179367231652726,1341
0.6680071127692383,1342
-0.008901756917216357,1343
-0.3648869592992927,1344
0.6770355655617523,1345
0.6209278442785887,1346
0.5880032509107367,1347
0.1120261395037998,1348
-0.3827380490593681,1349
0.6898860904098694,1350
0.04260712527635878,1351
0.5652358307687348,1352
0.06080340940085584,1353
0.513456012384242,1354
0.09199000723936113,1355
0.8117117709147057,1356
0.7725430286367179,1357
0.1033416382850655,1358
0.762734842112275,1359
0.6582018786925414,1360
0.05569389685767533,1361
-0.1105306309818155,1362
0.3415627949802983,1363
0.6088390929144666,1364
0.5912905490719098,1365
0.6670802230535158,1366
0.2356967011021096,1367
0.548296070756975,1368
0.6527040778982961,1369
0.6023879097656923,1370
0.08786335196810377,1371
-0.1314775745635241,1372
-0.3822882279512282,1373
-0.2355327293452997,1374
-0.2366511077701557,1375
-0.4135889677658737,1376
0.7500891017233986,1377
0.6381276529362907,1378
0.5695706177070607,1379
0.7915181177326875,1380
0.2741925108116704,1381
-0.2649866014238427,1382
-0.2651097657310214,1383
0.6844979032436072,1384
0.053218018640576965,1385
0.3547921661188512,1386
-0.4452217395827539,1387
0.5834281834646942,1388
0.5920276423762862,1389
0.7440294478957175,1390
0.7869140633217264,1391
-0.1795193360652325,1392
0.6484140108625717,1393
0.5990918411942979,1394
0.04341250946615907,1395
-0.1743295083414979,1396
-0.08161393224387442,1397
0.303511719714236,1398
0.5994041319242194,1399
0.672949123543025,1400
0.6336495487009882,1401
0.7448406353857842,1402
-0.388386790647153,1403
0.09953383686770498,1404
-0.07227077503837817,1405
0.3890229105279764,1406
0.2325522673971572,1407
0.2981049939211301,1408
0.7840246986770129,1409
-0.3349564353959288,1410
0.07163551647281105,1411
0.6324869434964918,1412
0.2593683156362856,1413
0.4789831368106962,1414
-0.2536223054563133,1415
0.5619691152360591,1416
0.4008012554808765,1417
0.7304065964779216,1418
0.7381931998902106,1419
0.232912385510188,1420
-0.42167452258843297,1421
-0.01866272603997444,1422
0.014908866143058431,1423
-0.09580109327200226,1424
0.5025264235816692,1425
-0.1097576765555452,1426
0.7304287838490224,1427
-0.1817267621149019,1428
-0.2171636998201386,1429
0.8297357370877586,1430
0.7918525850043984,1431
-0.4240222867147711,1432
-0.2679927902492821,1433
0.5234562905385911,1434
0.4740217610201878,1435
0.1707478702079572,1436
0.032322688773073587,1437
0.3566049720013448,1438
0.08582115285283984,1439
0.7621193315366532,1440
0.5137216384196452,1441
0.20309120017115198,1442
0.01816786779844977,1443
0.8428750214240418,1444
0.5307381114132437,1445
-0.25256693198363894,1446
-0.1960663420846534,1447
0.2565854551395393,1448
0.2629067906984016,1449
0.8086484995276002,1450
-0.1718816787024583,1451
0.07763274521217503,1452
0.4026063799114551,1453
0.6164894807204139,1454
-0.051740705398815534,1455
-0.5512004553696435,1456
0.361374291897771,1457
0.7769740384367918,1458
0.5589723618850824,1459
-0.4435165849756307,1460
0.5117005669208106,1461
0.3926215010479006,1462
-0.1915004059062247,1463
0.8448453743227566,1464
0.7682323453347019,1465
0.4399766608243807,1466
0.7917078742416088,1467
0.4005357832134099,1468
0.4035235711054511,1469
0.7620773784342787,1470
-0.09203339125334037,1471
0.6948337382688661,1472
-0.5019785449299755,1473
0.6385138278241387,1474
0.5205206594689084,1475
-0.1744866829008422,1476
0.3524898403292648,1477
0.2500643682147481,1478
0.5847577745506412,1479
-0.01324939072205803,1480
-0.3859308204662329,1481
-0.05490965886101936,1482
0.7825442334739962,1483
-0.4888525293152002,1484
0.463792344892501,1485
-0.2092189569527484,1486
0.788502789719395,1487
-0.1906365689818126,1488
-0.009325834248843952,1489
0.03865586803898244,1490
0.1132547068778712,1491
0.8048962674825995,1492
-0.5337940434553851,1493
0.2938071448335259,1494
-0.5403080148218907,1495
-0.2518126552681353,1496
0.6204482091501349,1497
0.7097528390149993,1498
-0.1836024172001149,1499
0.5299464491892913,1500
0.7459593651364557,1501
-0.4522016389074385,1502
0.4321365518274162,1503
0.00991827507340124,1504
0.7675659695130493,1505
0.82084211645283,1506
0.2802118499911772,1507
-0.02944509248038645,1508
-0.3152995065011871,1509
0.7147752275832577,1510
0.3948696831896442,1511
0.3625654137711459,1512
-0.4315399285320847,1513
0.777949133425692,1514
0.588658563283196,1515
-0.7036313261880633,1516
0.32828435173354803,1517
0.6195369006867334,1518
-0.013005963870516479,1519
0.2399258767590928,1520
0.6222866610564934,1521
0.3064354941787538,1522
0.7621180480874057,1523
0.4199906220147529,1524
0.1506349199217808,1525
0.7521055003560798,1526
-0.5068901278136921,1527
0.4584068806221127,1528
0.1411503395754022,1529
0.5858109769692291,1530
0.4660363069362263,1531
-0.1854848132745139,1532
0.7718938843245169,1533
0.5379568257738744,1534
-0.06065999469693439,1535
-0.1742995637025242,1536
0.4912516042563388,1537
-0.5802535017432064,1538
0.7883784590725396,1539
-0.0975818492107324,1540
0.4954426787683968,1541
-0.2062694611769315,1542
0.795668057238483,1543
-0.2107787464215269,1544
0.2386779451557315,1545
-0.1213860536904045,1546
0.275912665603495,1547
-0.08219564369572195,1548
-0.39662736037798396,1549
-0.2580770892635678,1550
0.1749106376910126,1551
0.570749529901259,1552
0.5130962500101449,1553
0.08337229127335924,1554
0.8277732817118542,1555
-0.5068315852906766,1556
0.6231403617472697,1557
0.07204868874416917,1558
-0.1036222609355465,1559
0.6838501447049181,1560
0.61581225426452,1561
-0.2235047319054095,1562
0.6056635115111758,1563
-0.2708223061940072,1564
0.1192985761635544,1565
0.8377406347893144,1566
0.7755993091090394,1567
-0.05661273403867245,1568
0.5124425500972452,1569
-0.4910223327017542,1570
0.6149417686237915,1571
0.2987135365839329,1572
0.651560663329419,1573
0.4992081744030403,1574
0.1979015887223149,1575
0.07979462053298864,1576
0.1833924709667434,1577
0.7527191614103768,1578
-0.3769391983471663,1579
-0.043759275030199635,1580
-0.05935958035905235,1581
-0.3577551503105857,1582
-0.1228764944158864,1583
0.1162441020808836,1584
-0.4799231617833561,1585
-0.5140676379576387,1586
-0.2905906469687524,1587
0.8066127833864694,1588
0.1026299673836022,1589
0.8328281409553395,1590
0.2941113210967042,1591
-0.1583979697234444,1592
0.6509222021437965,1593
-0.3501784179411785,1594
0.5241752209659074,1595
-0.4518116578480104,1596
-0.4557677321279154,1597
-0.5247478022127379,1598
0.05911206480561744,1599
0.4807379731555119,1600
0.771757701290251,1601
0.1585533526175524,1602
0.036942469063698365,1603
0.7542708875903696,1604
0.2436509213050864,1605
0.7857066544539849,1606
0.7993596342481035,1607
0.38562814601797796,1608
0.7475747533630619,1609
-0.2518187415940299,1610
0.6631148941880566,1611
-0.2381633495457582,1612
-0.061240709903744736,1613
0.5621949797064127,1614
0.7166576747022693,1615
0.1841824941752367,1616
0.2979811879262638,1617
0.8063155635967386,1618
0.7035163514694653,1619
0.6636041292905914,1620
0.6851427502695746,1621
0.7947367759077539,1622
0.7185983781633808,1623
-0.02313425182614481,1624
-0.4695551149632173,1625
0.7669006139659401,1626
0.8048169103474846,1627
0.7794770618988367,1628
-0.2840420366653635,1629
0.1773582770220408,1630
0.2518797587637668,1631
0.7720192424834135,1632
0.1000452390585706,1633
0.2661590737923831,1634
0.234812652865779,1635
-0.1165763238188509,1636
0.28147679877702897,1637
0.4674626760616377,1638
0.4324211754681449,1639
-0.2924569631213821,1640
-0.4537198611048508,1641
0.6843416173423906,1642
0.7519176127539449,1643
0.7495069347724953,1644
0.5780776200398088,1645
0.5275089028482551,1646
-0.061809978019975426,1647
-0.7010347212354471,1648
-0.3872604123706357,1649
0.2529839702071601,1650
0.7750955591092463,1651
0.8284526972680557,1652
0.8111782266230476,1653
0.7124830657945271,1654
0.5862811833078921,1655
0.3062121577533441,1656
-0.026161610421050592,1657
0.4512510178589503,1658
-0.2377496038289245,1659
-0.2307534960287523,1660
-0.0035197324035329547,1661
0.7676659034966966,1662
-0.09424868948271907,1663
0.1145631268913981,1664
-0.258268837686553,1665
0.6771099987528628,1666
0.5067327864284777,1667
-0.02013059300979725,1668
-0.1968204185481278,1669
0.4296242299138148,1670
0.3739710745358114,1671
0.06987682314860524,1672
-0.3508377853893053,1673
0.6481698150048409,1674
0.2192378921105486,1675
0.5360871335057784,1676
-0.1072255097647129,1677
0.5198920372244988,1678
0.8023548859838331,1679
0.7340138479515491,1680
0.6153312282613034,1681
0.47545162472907104,1682
-0.5094568024546844,1683
0.6956967796980327,1684
0.8220303198537018,1685
-0.3052826475188001,1686
0.5111947281813469,1687
-0.3714703706834647,1688
0.1617777706770228,1689
-0.004539727539407755,1690
-0.1309457328116096,1691
-0.03343974132673691,1692
0.6311730910603115,1693
-0.1456744480776053,1694
0.6180407804686998,1695
-0.07157106818730175,1696
-0.148132386307313,1697
-0.3793654590812934,1698
0.3461598712014656,1699
-0.1708241934389658,1700
-0.1013915502582973,1701
0.7127592255786097,1702
0.040424916602112,1703
0.6190261619187912,1704
0.7095569697310652,1705
-0.6393050197788764,1706
0.3880206628881445,1707
0.4469635998068444,1708
-0.384897971497289,1709
0.5052453342772958,1710
0.8037498873073234,1711
0.6998880607960755,1712
0.6924276538948497,1713
0.7121821369786635,1714
0.7133493001869508,1715
-0.1385107797467215,1716
0.6461133567882638,1717
0.1532550334708217,1718
0.549020633929808,1719
0.2155725256377479,1720
0.4268253987059022,1721
-0.4409671095538075,1722
0.4214013880662807,1723
0.7381375555224106,1724
0.698036437697024,1725
-0.2443524056150781,1726
0.2976924815809556,1727
-0.3241697119994437,1728
-0.1962767051363932,1729
0.5339890801671607,1730
-0.04988713925868775,1731
0.7490919380625902,1732
0.2695281136862726,1733
0.7776315405583396,1734
-0.3425338053436429,1735
0.782633380793778,1736
-0.2961922967095196,1737
0.1106245899584588,1738
-0.03739458946247663,1739
0.06183457247501928,1740
0.5504623955367803,1741
0.5402187596366512,1742
0.8344372484594036,1743
0.3383293464625767,1744
0.3489159817753829,1745
0.1029320011774046,1746
-0.4017683236215851,1747
0.5814029589397998,1748
0.6735427309862785,1749
0.4296143349305052,1750
0.1167799498105284,1751
0.6116940724270328,1752
0.7898842032836586,1753
-0.1142396095378582,1754
-0.5051886019784328,1755
0.2759457067394308,1756
0.3232611632955713,1757
-0.4548174830463473,1758
-0.2396470509787167,1759
-0.3622580386893931,1760
-0.4423951495563051,1761
-0.323864125549979,1762
0.6947611438826111,1763
0.4416904882092657,1764
-0.2001784937298733,1765
0.04008983398407297,1766
-0.2532184730734827,1767
-0.2294009813334932,1768
0.6053241132152352,1769
-0.43863413060332296,1770
-0.4135904862681221,1771
-0.5969008551153056,1772
0.3087494864098607,1773
0.4159829394649952,1774
0.4731669207584418,1775
0.6433804919097329,1776
-0.1307384781678566,1777
-0.26367710563502,1778
-0.3201482482178297,1779
-0.41893051698047207,1780
0.7780927192482813,1781
0.1253197845052092,1782
-0.08315644044192805,1783
-0.4668574757147494,1784
-0.2537045451383281,1785
0.08466967719235904,1786
-0.1194834931750422,1787
0.6734363036854191,1788
0.02554020404603646,1789
-0.3029749288854623,1790
0.1123428847716109,1791
-0.4722092355264886,1792
0.7669824751553657,1793
-0.1979316944030431,1794
-0.01159902918533586,1795
0.4673231869881522,1796
0.08772627657553943,1797
-0.2006060913961196,1798
0.635350127880933,1799
0.6656943497916097,1800
0.17755023716149598,1801
0.6111293893264784,1802
-0.1306428975956507,1803
-0.32603824037983303,1804
-0.4363410939288689,1805
0.2884866985386758,1806
-0.3944053744633303,1807
0.006654716323126503,1808
0.4391762901722774,1809
0.4535734568537469,1810
-0.007283764572613541,1811
0.4413741627864747,1812
0.6621345206378201,1813
0.4981852399763252,1814
-0.1287011688730351,1815
0.4174537291691556,1816
0.6955837495789223,1817
0.4098311666425313,1818
-0.4710710873957334,1819
-0.1165973171637185,1820
-0.2402586523371563,1821
0.1352726473148758,1822
-0.3472710293406315,1823
-0.3875679660936248,1824
0.2652677292066501,1825
0.7613771503958318,1826
-0.4043695835975331,1827
0.8731699663015375,1828
0.7797435708648898,1829
-0.4470037959211621,1830
0.5928664107605867,1831
0.8516590200344799,1832
-0.2539012170910845,1833
0.4236696718839672,1834
0.4495604767052749,1835
-0.5386044351692614,1836
0.4218083359351297,1837
0.6955964127849961,1838
0.6596460685593216,1839
-0.2645537894657145,1840
0.7012283613189606,1841
-0.02065208543192078,1842
0.4574303449710509,1843
0.7426753543066923,1844
-0.1282734578339074,1845
0.7615721141084191,1846
-0.08721347044328732,1847
-0.19217194274113397,1848
-0.6193828722041456,1849
-0.1557384614949591,1850
0.6859954451756594,1851
-0.4493023231338886,1852
0.3300607957083102,1853
0.4726770365225449,1854
0.1590572596704541,1855
-0.1752911253474239,1856
-0.02611501176376671,1857
-0.3350153513379099,1858
-0.326395283113308,1859
0.5223029329760436,1860
0.697759725117663,1861
0.4523734165670498,1862
-0.4704152238640444,1863
0.7162567016319306,1864
0.8105732636357522,1865
-0.4460159979469181,1866
0.7548535368422474,1867
0.07379274805270503,1868
0.1238202089060892,1869
0.7849171052899789,1870
0.03240727950264514,1871
-0.4692647891085973,1872
0.3125448490630611,1873
0.7245218040586959,1874
-0.3421129555947178,1875
-0.2676608973596132,1876
-0.305172806939138,1877
-0.06365347431787531,1878
0.4696640326085416,1879
-0.2094212015102078,1880
0.5643052020586217,1881
-0.2370931502563181,1882
0.3117559598179815,1883
0.1065441907210688,1884
0.7531259424762943,1885
-0.4485141653527776,1886
0.1330506634439526,1887
0.6706741201501168,1888
0.22002446834166103,1889
-0.565515385484832,1890
0.5312048408953678,1891
0.6802979378338446,1892
0.290187437419709,1893
-0.1466766806181431,1894
-0.05337960334888997,1895
0.536435410611014,1896
0.050494511601999734,1897
-0.3158768279279411,1898
-0.08306401101218329,1899
0.7520821135334438,1900
-0.4894923349031967,1901
0.133308838512989,1902
0.8097223331741192,1903
0.699292909542698,1904
0.6682840876054403,1905
0.6664102872699607,1906
0.2235311526032672,1907
0.8118875224303399,1908
-0.4104513416428493,1909
0.5840471564338421,1910
0.7320992539887898,1911
0.8137181500793917,1912
0.2909714720581574,1913
0.3643946986332781,1914
-0.0834576528739985,1915
0.7555666830589288,1916
0.5183891758767734,1917
-0.2791707828331444,1918
0.7068309079338825,1919
-0.3463708805352629,1920
0.5417923878848221,1921
0.7588200777843704,1922
0.7553908649553617,1923
-0.1598579181420159,1924
0.6232393169001877,1925
0.6354823345527623,1926
0.7296290750964786,1927
0.2775061419665889,1928
-0.07451627808973765,1929
-0.3154335969442242,1930
-0.4797155780911971,1931
0.7841258561910108,1932
-0.06065806290262805,1933
0.7105523993918788,1934
0.1969200090263011,1935
-0.2130601732173285,1936
0.7669724027438429,1937
0.5679986775670212,1938
0.7019729165630553,1939
-0.2851060996711589,1940
0.35572329014190995,1941
-0.2440581847045189,1942
-0.1858307479107936,1943
-0.1101721068007482,1944
-0.3293195609625864,1945
0.1340291404917633,1946
-0.4683836083554359,1947
0.05303453959142723,1948
-0.2233748198115501,1949
0.5856661904698759,1950
-0.02521328723105007,1951
-0.5445612112811078,1952
0.798987964645275,1953
0.5712062494297208,1954
-0.08781202747672368,1955
-0.2017480391951063,1956
0.4242151947457102,1957
0.4189078008304995,1958
0.1391015101843877,1959
0.4341260344940404,1960
-0.3615008708925311,1961
-0.2581828220553358,1962
-0.3191626449582899,1963
0.7742075114287967,1964
0.09481790833039863,1965
-0.4328077644285675,1966
0.6662761079874799,1967
0.06297408742964382,1968
0.45990534684261897,1969
0.4395650727327933,1970
-0.2376988945770021,1971
0.2172307264144646,1972
0.4125915034395087,1973
-0.05662882946711539,1974
0.6238586727820234,1975
0.7155289853181025,1976
0.5870011425210828,1977
0.04116330334664128,1978
0.2804048877528092,1979
0.6955910643481742,1980
0.5832809570304498,1981
-0.5961447351263768,1982
0.7212868078159198,1983
-0.4754867906402633,1984
0.4535845002359147,1985
0.6966952197987173,1986
0.5095397998705573,1987
0.8162864090708999,1988
0.1905580032141064,1989
-0.4295772508884794,1990
-0.2460519945771548,1991
0.3574135384266225,1992
0.7613651988446284,1993
0.7069400642673662,1994
0.6892662105955638,1995
0.4485298847824516,1996
0.4365368828551442,1997
0.1330017337457018,1998
-0.3360986659651271,1999
0.4620881815625245,2000
